620,"Retired",0,0,"Blue Baseplate"
630,"Available",2.49,0,"Brick Separator"
2144,"Retired",0,0,"Nex 3.0"
2145,"Retired",0,0,"Stormer 3.0"
2170,"Retired",0,0,"Cole DX"
2183,"Retired",0,0,"Stringer 3.0"
2233,"Retired",0,0,"Fangz"
2236,"Retired",0,0,"Scorpio"
2255,"Retired",0,0,"Sensei Wu"
2282,"Retired",0,0,"Rocka XL"
2304,"Out of Stock",14.99,0,"LEGO® DUPLO® Green Baseplate"
2506,"Retired",0,0,"Skull Truck"
2507,"Retired",0,0,"Fire Temple"
2520,"Retired",0,0,"Ninjago Battle Arena"
2734,"Retired",0,0,"LEGO® DUPLO® Straight Rails"
2735,"Retired",0,0,"LEGO® DUPLO® Curved Rails"
3061,"Retired",0,0,"City Park Café"
3063,"Retired",0,0,"Heartlake Flying Club"
3065,"Retired",0,0,"Olivia’s Tree House"
3177,"Retired",0,0,"Small Car"
3178,"Retired",0,0,"Seaplane"
3180,"Retired",0,0,"Tank Truck"
3181,"Retired",0,0,"Passenger Plane"
3182,"Retired",0,0,"Airport"
3183,"Retired",0,0,"Stephanie’s Cool Convertible"
3184,"Retired",0,0,"Adventure Camper"
3185,"Retired",0,0,"Summer Riding Camp"
3186,"Retired",0,0,"Emma's Horse Trailer"
3187,"Retired",0,0,"Butterfly Beauty Shop"
3188,"Retired",0,0,"Heartlake Vet"
3189,"Retired",0,0,"Heartlake Stables"
3221,"Retired",0,0,"LEGO® City Truck"
3315,"Retired",0,0,"Olivia’s House"
3316,"Retired",0,0,"LEGO® Friends Advent Calendar"
3365,"Retired",0,0,"Space Moon Buggy"
3366,"Retired",0,0,"Satellite Launch Pad"
3367,"Retired",0,0,"Space Shuttle"
3368,"Retired",0,0,"Space Center"
3658,"Retired",0,0,"Police Helicopter"
3661,"Retired",0,0,"Bank & Money Transfer"
3677,"Retired",0,0,"Red Cargo Train"
3815,"Retired",0,0,"Heroic Heroes of the Deep"
3816,"Retired",0,0,"Glove World"
3817,"Retired",0,0,"The Flying Dutchman"
3818,"Retired",0,0,"Bikini Bottom Undersea Party"
3833,"Retired",0,0,"Krusty Krab Adventures"
3841,"Retired",0,0,"Minotaurus"
3844,"Retired",0,0,"Creationary"
3848,"Retired",0,0,"Pirate Plank"
3856,"Retired",0,0,"LEGO® Ninjago"
3857,"Retired",0,0,"HEROICA™ Draida Bay"
3858,"Retired",0,0,"HEROICA™ Waldurk Forest"
3859,"Retired",0,0,"HEROICA™ Caverns of Nathuz"
3860,"Retired",0,0,"HEROICA™ Castle Fortaan"
3862,"Retired",0,0,"LEGO® Harry Potter™ Hogwarts™"
3865,"Retired",0,0,"LEGO® City Alarm"
3874,"Retired",0,0,"HEROICA Ilrion"
3920,"Retired",0,0,"The Hobbit : An Unexpected Journey™"
3930,"Retired",0,0,"Stephanie’s Outdoor Bakery"
3931,"Retired",0,0,"Emma’s Splash Pool"
3932,"Retired",0,0,"Andrea’s Stage"
3933,"Retired",0,0,"Olivia’s Invention Workshop"
3934,"Retired",0,0,"Mia’s Puppy House"
3935,"Retired",0,0,"Stephanie’s Pet Patrol"
3936,"Retired",0,0,"Emma’s Fashion Design Studio"
3937,"Retired",0,0,"Olivia's Speedboat"
3938,"Retired",0,0,"Andrea's Bunny House"
3939,"Retired",0,0,"Mia's Bedroom"
3942,"Retired",0,0,"Heartlake Dog Show"
4181,"Retired",0,0,"Isla de la Muerta"
4182,"Retired",0,0,"The Cannibal Escape"
4183,"Retired",0,0,"The Mill"
4184,"Retired",0,0,"The Black Pearl"
4191,"Retired",0,0,"Captain's Cabin"
4192,"Retired",0,0,"Fountain of Youth"
4193,"Retired",0,0,"The London Escape"
4194,"Retired",0,0,"Whitecap Bay"
4195,"Retired",0,0,"Queen Anne’s Revenge"
4200,"Retired",0,0,"Mining 4x4"
4201,"Retired",0,0,"Loader and Tipper"
4202,"Retired",0,0,"Mining Truck"
4203,"Retired",0,0,"Excavator Transport"
4204,"Retired",0,0,"The Mine"
4205,"Retired",0,0,"Off Road Command Center"
4206,"Retired",0,0,"Recycling Truck"
4207,"Retired",0,0,"City Garage"
4208,"Retired",0,0,"4x4 Fire Truck"
4209,"Retired",0,0,"Fire Plane"
4427,"Retired",0,0,"Fire ATV"
4428,"Retired",0,0,"LEGO® City Advent Calendar"
4429,"Retired",0,0,"Helicopter Rescue"
4430,"Retired",0,0,"Fire Transporter"
4431,"Retired",0,0,"Ambulance"
4432,"Retired",0,0,"Garbage Truck"
4433,"Retired",0,0,"Dirt Bike Transporter"
4434,"Retired",0,0,"Tipper Truck"
4435,"Retired",0,0,"Car and Caravan"
4436,"Retired",0,0,"Patrol Car"
4437,"Retired",0,0,"Police Pursuit"
4438,"Retired",0,0,"Robber's Hideout"
4439,"Retired",0,0,"Heavy-Lift Helicopter"
4440,"Retired",0,0,"Forest Police Station"
4441,"Retired",0,0,"Police Dog Van"
4526,"Retired",0,0,"Batman™"
4527,"Retired",0,0,"The Joker"
4528,"Retired",0,0,"Green Lantern"
4529,"Retired",0,0,"Iron Man™"
4530,"Retired",0,0,"The Hulk™"
4597,"Retired",0,0,"Captain America™"
4623,"Retired",0,0,"LEGO® DUPLO® Pink Brick Box"
4624,"Retired",0,0,"LEGO® DUPLO® Brick Box"
4625,"Retired",0,0,"LEGO® Pink Brick Box"
4626,"Retired",0,0,"LEGO® Farm Brick Box"
4627,"Retired",0,0,"Fun with Bricks"
4628,"Retired",0,0,"LEGO® Fun with Bricks"
4629,"Retired",0,0,"LEGO® DUPLO® Build & Play Box"
4631,"Retired",0,0,"My First Build"
4632,"Retired",0,0,"Building Plates"
4635,"Retired",0,0,"Fun with Vehicles"
4636,"Retired",0,0,"Police Building Set"
4637,"Retired",0,0,"Safari Building Set"
4641,"Retired",0,0,"Speed Boat"
4642,"Retired",0,0,"Fishing Boat"
4643,"Retired",0,0,"Power Boat Transporter"
4644,"Retired",0,0,"Marina"
4645,"Retired",0,0,"Harbor"
4737,"Retired",0,0,"Quidditch Match"
4738,"Retired",0,0,"Hagrid’s Hut"
4842,"Retired",0,0,"Hogwarts™ Castle"
4865,"Retired",0,0,"The Forbidden Forest"
4866,"Retired",0,0,"The Knight Bus"
4867,"Retired",0,0,"Hogwarts™"
4962,"Retired",0,0,"Baby Zoo"
5416,"Retired",0,0,"LEGO® DUPLO® Brick Box"
5497,"Retired",0,0,"LEGO® DUPLO® Play with Numbers"
5506,"Retired",0,0,"LEGO® DUPLO® Large Brick Box"
5507,"Retired",0,0,"LEGO® DUPLO® Deluxe Brick Box"
5508,"Retired",0,0,"Deluxe Brick Box"
5549,"Retired",0,0,"LEGO® Building Fun"
5560,"Retired",0,0,"LEGO® Large Pink Brick Box"
5601,"Retired",0,0,"Fire Station"
5609,"Retired",0,0,"Deluxe Train Set"
5647,"Retired",0,0,"Big Tractor"
5650,"Retired",0,0,"Front Loader"
5679,"Retired",0,0,"Police Bike"
5680,"Retired",0,0,"Police Truck"
5681,"Retired",0,0,"Police Station"
5682,"Retired",0,0,"Fire Truck"
5683,"Retired",0,0,"Market Place"
5684,"Retired",0,0,"Car Transporter"
5685,"Retired",0,0,"Vet"
5695,"Retired",0,0,"Doctor’s Clinic"
5696,"Retired",0,0,"Car Wash"
5761,"Retired",0,0,"Mini Digger"
5762,"Retired",0,0,"Mini Plane"
5763,"Retired",0,0,"Dune Hopper"
5764,"Retired",0,0,"Rescue Robot"
5765,"Retired",0,0,"Transport Truck"
5766,"Retired",0,0,"Log Cabin"
5767,"Retired",0,0,"Cool Cruiser"
5770,"Retired",0,0,"Lighthouse Island"
5771,"Retired",0,0,"Hillside House"
5793,"Retired",0,0,"Nurse’s Car"
5794,"Retired",0,0,"Emergency Helicopter"
5813,"Retired",0,0,"Lightning McQueen"
5817,"Retired",0,0,"Agent Mater"
5818,"Retired",0,0,"Luigi’s Italian Place"
5819,"Retired",0,0,"Tokyo Racing"
5828,"Retired",0,0,"Big Bentley"
5829,"Retired",0,0,"The Pit Stop"
5864,"Retired",0,0,"Mini Helicopter"
5865,"Retired",0,0,"Mini Dumper"
5866,"Retired",0,0,"Rotor Rescue"
5867,"Retired",0,0,"Super Speedster"
5882,"Retired",0,0,"Ambush Attack"
5883,"Retired",0,0,"Tower Takedown"
5884,"Retired",0,0,"Raptor Chase"
5885,"Retired",0,0,"Triceratops Trapper"
5886,"Retired",0,0,"T-Rex Hunter"
5887,"Retired",0,0,"Dino Defense HQ"
5888,"Retired",0,0,"Ocean Interceptor"
5891,"Retired",0,0,"Apple Tree House"
5892,"Retired",0,0,"Sonic Boom"
5893,"Retired",0,0,"Offroad Power"
5929,"Retired",0,0,"LEGO® Knight and Castle Building Set"
5930,"Retired",0,0,"LEGO® Road Construction Building Set"
5932,"Retired",0,0,"My First LEGO® Set"
5933,"Retired",0,0,"LEGO® Airport Building Set"
5945,"Retired",0,0,"Winnie the Pooh’s Picnic"
5946,"Retired",0,0,"Tigger’s Expedition"
6051,"Retired",0,0,"LEGO® DUPLO® Play with Letters Set"
6117,"Retired",0,0,"LEGO® Doors & Windows"
6118,"Retired",0,0,"LEGO® Wheels"
6132,"Retired",0,0,"Red"
6133,"Retired",0,0,"Race Day"
6134,"Retired",0,0,"Siddeley Saves the Day"
6136,"Retired",0,0,"My First Zoo"
6137,"Retired",0,0,"My First LEGO® DUPLO® Supermarket"
6138,"Retired",0,0,"My First LEGO® DUPLO® Fire Station"
6141,"Retired",0,0,"My First LEGO® DUPLO® Farm"
6151,"Retired",0,0,"Sleeping Beauty’s Room"
6152,"Retired",0,0,"Snow White’s Cottage"
6153,"Retired",0,0,"Cinderella’s Carriage"
6154,"Retired",0,0,"Cinderella’s Castle"
6156,"Retired",0,0,"Photo Safari"
6157,"Retired",0,0,"Big Zoo"
6158,"Retired",0,0,"Animal Clinic"
6166,"Retired",0,0,"LEGO® Large Brick Box"
6169,"Retired",0,0,"Fire Chief"
6171,"Retired",0,0,"Gas Station"
6172,"Retired",0,0,"Zoo Truck"
6173,"Retired",0,0,"Panda"
6176,"Retired",0,0,"LEGO® DUPLO® Basic Bricks Deluxe"
6177,"Retired",0,0,"Basic Bricks Deluxe"
6200,"Retired",0,0,"EVO"
6201,"Retired",0,0,"TOXIC REAPA"
6203,"Retired",0,0,"BLACK PHANTOM"
6216,"Retired",0,0,"JAWBLADE"
6217,"Retired",0,0,"SURGE"
6218,"Retired",0,0,"SPLITFACE"
6221,"Retired",0,0,"NEX"
6222,"Retired",0,0,"CORE HUNTER"
6223,"Retired",0,0,"BULK"
6227,"Retired",0,0,"BREEZ"
6228,"Retired",0,0,"THORNRAXX"
6229,"Retired",0,0,"XT4"
6230,"Retired",0,0,"STORMER XL"
6231,"Retired",0,0,"SPEEDA DEMON"
6282,"Retired",0,0,"STRINGER"
6283,"Retired",0,0,"VOLTIX"
6293,"Retired",0,0,"FURNO"
6743,"Retired",0,0,"Street Speeder"
6745,"Retired",0,0,"Propeller Power"
6758,"Retired",0,0,"Grow Caterpillar Grow!"
6759,"Retired",0,0,"Busy Farm"
6760,"Retired",0,0,"Let's Go! Vroom!"
6784,"Retired",0,0,"Creative Sorter"
6785,"Retired",0,0,"Creative Cakes"
6857,"Retired",0,0,"The Dynamic Duo Funhouse Escape"
6858,"Retired",0,0,"Catwoman Catcycle City Chase"
6860,"Retired",0,0,"The Batcave"
6862,"Retired",0,0,"Superman™ vs. Power Armor Lex"
6863,"Retired",0,0,"Batwing Battle Over Gotham City"
6864,"Retired",0,0,"The Batmobile and the Two-Face Chase"
6865,"Retired",0,0,"Captain America's™ Avenging Cycle"
6866,"Retired",0,0,"Wolverine's™ Chopper Showdown"
6867,"Retired",0,0,"Loki's™ Cosmic Cube Escape"
6868,"Retired",0,0,"Hulk's™ Helicarrier Breakout"
6869,"Retired",0,0,"Quinjet Aerial Battle"
6873,"Retired",0,0,"Spider-Man's™ Doc Ock™ Ambush"
6910,"Retired",0,0,"Mini Sports Car"
6911,"Retired",0,0,"Mini Fire Truck"
6912,"Retired",0,0,"Super Soarer"
6913,"Retired",0,0,"Blue Roadster"
6914,"Retired",0,0,"Prehistoric Hunters"
7049,"Retired",0,0,"Alien Striker"
7051,"Retired",0,0,"Tripod Invader"
7052,"Retired",0,0,"UFO Abduction"
7065,"Retired",0,0,"Alien Mothership"
7067,"Retired",0,0,"Jet-Copter Encounter"
7208,"Retired",0,0,"Fire Station"
7235,"Retired",0,0,"Police Motorcycle"
7279,"Retired",0,0,"Police Minifigure Collection"
7280,"Available",14.99,0,"Straight & Crossroad Plates"
7281,"Available",14.99,0,"T-Junction & Curved Road Plates"
7285,"Retired",0,0,"Police Dog Unit"
7286,"Retired",0,0,"Prisoner Transport"
7288,"Retired",0,0,"Mobile Police Unit"
7291,"Retired",0,0,"Street Rebel"
7292,"Retired",0,0,"Propeller Adventures"
7345,"Retired",0,0,"Transport Chopper"
7346,"Retired",0,0,"Seaside House"
7347,"Retired",0,0,"Highway Pickup"
7498,"Retired",0,0,"Police Station"
7499,"Available",19.99,0,"Flexible and Straight Tracks"
7637,"Retired",0,0,"Farm"
7741,"Retired",0,0,"Police Helicopter"
7743,"Retired",0,0,"Police Truck"
7744,"Retired",0,0,"Police Headquarters"
7869,"Retired",0,0,"Battle for Geonosis™"
7877,"Retired",0,0,"Naboo Starfighter™"
7879,"Retired",0,0,"Hoth™ Echo Base™"
7895,"Available",15.99,0,"Switching Tracks"
7913,"Retired",0,0,"Clone Trooper™ Battle Pack"
7914,"Retired",0,0,"Mandalorian™ Battle Pack"
7915,"Retired",0,0,"Imperial V-wing Starfighter™"
7929,"Retired",0,0,"The Battle of Naboo™"
7930,"Retired",0,0,"Bounty Hunter™ Assault Gunship"
7931,"Retired",0,0,"T-6 Jedi Shuttle™"
7937,"Retired",0,0,"Train Station"
7938,"Retired",0,0,"Passenger Train"
7939,"Retired",0,0,"Cargo Train"
7942,"Retired",0,0,"Off-Road Fire Rescue"
7956,"Retired",0,0,"Ewok™ Attack"
7957,"Retired",0,0,"Sith Nightspeeder™"
7959,"Retired",0,0,"Geonosian Starfighter™"
7961,"Retired",0,0,"Darth Maul’s Sith Infiltrator™"
7962,"Retired",0,0,"Anakin Skywalker and Sebulba’s Podracers™"
7964,"Retired",0,0,"Republic Frigate™"
7965,"Retired",0,0,"Millennium Falcon™"
8043,"Retired",0,0,"Motorized Excavator"
8052,"Retired",0,0,"Container Truck"
8053,"Retired",0,0,"Mobile Crane"
8065,"Retired",0,0,"Mini Container Truck"
8066,"Retired",0,0,"Off-Roader"
8067,"Retired",0,0,"Mini Mobile Crane"
8068,"Retired",0,0,"Rescue Helicopter"
8069,"Retired",0,0,"Backhoe Loader"
8070,"Retired",0,0,"Supercar"
8071,"Retired",0,0,"Bucket Truck"
8081,"Retired",0,0,"Extreme Cruiser"
8092,"Retired",0,0,"Luke’s Landspeeder™"
8109,"Retired",0,0,"Flatbed Truck"
8110,"Retired",0,0,"Mercedes-Benz Unimog U 400"
8200,"Retired",0,0,"Radiator Springs Lightning McQueen"
8201,"Retired",0,0,"Classic Mater"
8258,"Retired",0,0,"Crane Truck"
8293,"Available",29.99,0,"LEGO® Power Functions Motor Set"
8297,"Retired",0,0,"Off Roader"
8404,"Retired",0,0,"Public Transport Station"
8484,"Retired",0,0,"Ultimate Build Lightning McQueen"
8486,"Retired",0,0,"Mack’s Team Truck"
8487,"Retired",0,0,"Flo’s V8 Café"
8528,"Retired",0,0,"Converter Cables for LEGO® MINDSTORMS® NXT"
8529,"Retired",0,0,"Connector Cables for LEGO® MINDSTORMS® NXT"
8547,"Retired",0,0,"LEGO® MINDSTORMS® NXT 2.0"
8831,"Retired",0,0,"LEGO® Minifigures, Series 7"
8833,"Retired",0,0,"LEGO® Minifigures, Series 8"
8866,"Retired",0,0,"Train Motor"
8867,"Retired",0,0,"Flexible Train Tracks"
8869,"Available",5.79,0,"LEGO® Power Functions Control Switch"
8870,"Available",6.49,0,"LEGO® Power Functions Light"
8871,"Available",3.99,0,"LEGO® Power Functions Extension Wire 20”"
8878,"Available",49.99,0,"LEGO® Power Functions Rechargeable Battery Box"
8879,"Available",12.99,0,"LEGO® Power Functions IR Speed Remote Control"
8881,"Available",6.99,0,"LEGO® Power Functions Battery Box"
8882,"Available",9.99,0,"LEGO® Power Functions XL-Motor"
8883,"Available",7.49,0,"LEGO® Power Functions M-Motor"
8884,"Available",14.99,0,"LEGO® Power Functions IR Receiver"
8885,"Available",9.49,0,"LEGO® Power Functions IR Remote Control"
8886,"Available",2.99,0,"LEGO® Power Functions Extension Wire"
8898,"Retired",0,0,"Wreckage Road"
9092,"Retired",0,0,"Crazy Demon"
9093,"Retired",0,0,"Bone Cruncher"
9094,"Retired",0,0,"Star Striker"
9095,"Retired",0,0,"Nitro Predator"
9348,"Retired",0,0,"Community Minifigure Set"
9387,"Retired",0,0,"Wheels Set"
9390,"Retired",0,0,"Mini Tow Truck"
9391,"Retired",0,0,"Tracked Crane"
9392,"Retired",0,0,"Quad Bike"
9393,"Retired",0,0,"Tractor"
9394,"Retired",0,0,"Jet Plane"
9395,"Retired",0,0,"Pick-up Tow Truck"
9396,"Retired",0,0,"Helicopter"
9397,"Retired",0,0,"Logging Truck"
9398,"Retired",0,0,"4X4 Crawler"
9440,"Retired",0,0,"Venomari Shrine"
9441,"Retired",0,0,"Kai’s Blade Cycle"
9442,"Retired",0,0,"Jay’s Storm Fighter"
9443,"Retired",0,0,"Rattlecopter"
9444,"Retired",0,0,"Cole’s Tread Assault"
9445,"Retired",0,0,"Fangpyre Truck Ambush"
9446,"Retired",0,0,"Destiny’s Bounty"
9447,"Retired",0,0,"Lasha's Bite Cycle"
9448,"Retired",0,0,"Samurai Mech"
9449,"Retired",0,0,"Ultra Sonic Raider"
9450,"Retired",0,0,"Epic Dragon Battle"
9455,"Retired",0,0,"Fangpyre Mech"
9456,"Retired",0,0,"Spinner Battle"
9457,"Retired",0,0,"Fangpyre Wrecking Ball"
9461,"Retired",0,0,"The Swamp Creature"
9462,"Retired",0,0,"The Mummy"
9463,"Retired",0,0,"The Werewolf"
9464,"Retired",0,0,"The Vampyre Hearse"
9465,"Retired",0,0,"The Zombies"
9466,"Retired",0,0,"The Crazy Scientist & His Monster"
9467,"Retired",0,0,"The Ghost Train"
9468,"Retired",0,0,"Vampyre Castle"
9469,"Retired",0,0,"Gandalf™ Arrives"
9470,"Retired",0,0,"Shelob™ Attacks"
9471,"Retired",0,0,"Uruk-hai™ Army"
9472,"Retired",0,0,"Attack on Weathertop™"
9473,"Retired",0,0,"The Mines of Moria™"
9474,"Retired",0,0,"The Battle of Helm's Deep™"
9476,"Retired",0,0,"The Orc Forge"
9478,"Retired",0,0,"Francesco Bernoulli"
9479,"Retired",0,0,"Ivan Mater"
9480,"Retired",0,0,"Finn McMissile"
9481,"Retired",0,0,"Jeff Gorvette"
9483,"Retired",0,0,"Agent Mater’s Escape"
9484,"Retired",0,0,"Red’s Water Rescue"
9485,"Retired",0,0,"Ultimate Race Set"
9486,"Retired",0,0,"Oil Rig Escape"
9488,"Retired",0,0,"Elite Clone Trooper™ & Commando Droid™ Battle Pack"
9489,"Retired",0,0,"Endor™ Rebel Trooper™ & Imperial Trooper™ Battle Pack"
9490,"Retired",0,0,"Droid™ Escape"
9491,"Retired",0,0,"Geonosian™ Cannon"
9492,"Retired",0,0,"TIE Fighter™"
9493,"Retired",0,0,"X-Wing Starfighter™"
9494,"Retired",0,0,"Anakin’s Jedi Interceptor™"
9495,"Retired",0,0,"Gold Leader’s Y-Wing Starfighter™"
9496,"Retired",0,0,"Desert Skiff™"
9497,"Retired",0,0,"Republic Striker-class Starfighter™"
9498,"Retired",0,0,"Saesee Tiin's Jedi Starfighter™"
9499,"Retired",0,0,"Gungan Sub™"
9500,"Retired",0,0,"Sith™ Fury-class Interceptor™"
9509,"Retired",0,0,"LEGO® Star Wars™ Advent Calendar"
9515,"Retired",0,0,"The Malevolence™"
9516,"Retired",0,0,"Jabba's Palace™"
9525,"Retired",0,0,"Pre Vizsla's Mandalorian™ Fighter"
9552,"Retired",0,0,"Lloyd Garmadon"
9553,"Retired",0,0,"Jay ZX"
9554,"Retired",0,0,"Zane ZX"
9555,"Retired",0,0,"Mezmo"
9556,"Retired",0,0,"Bytar"
9557,"Retired",0,0,"Lizaru"
9558,"Retired",0,0,"Training Set"
9561,"Retired",0,0,"Kai ZX"
9564,"Retired",0,0,"Snappa"
9569,"Retired",0,0,"Spitta"
9570,"Retired",0,0,"NRG Jay"
9571,"Retired",0,0,"Fangdam"
9572,"Retired",0,0,"NRG Cole"
9573,"Retired",0,0,"Slithraa"
9574,"Retired",0,0,"Lloyd ZX"
9590,"Retired",0,0,"NRG Zane"
9591,"Retired",0,0,"Weapon Pack"
9674,"Retired",0,0,"Naboo Starfighter™ & Naboo™"
9675,"Retired",0,0,"Sebulba’s Podracer™ & Tatooine™"
9676,"Retired",0,0,"TIE Interceptor™ & Death Star™"
9677,"Retired",0,0,"X-wing Starfighter™ & Yavin 4™"
9678,"Retired",0,0,"Twin-Pod Cloud Car™ & Bespin™"
9679,"Retired",0,0,"AT-ST™ & Endor™"
9693,"Retired",0,0,"NXT DC Rechargeable Battery"
9694,"Retired",0,0,"Color Sensor"
9833,"Retired",0,0,"Transformer/Charger"
9841,"Retired",0,0,"NXT Intelligent Brick"
9842,"Retired",0,0,"Interactive Servo Motor"
9843,"Retired",0,0,"Touch Sensor"
9844,"Retired",0,0,"Light Sensor"
9845,"Retired",0,0,"Sound Sensor"
9846,"Retired",0,0,"Ultrasonic Sensor"
9847,"Retired",0,0,"Bluetooth® Dongle"
10188,"Retired",0,0,"Death Star™"
10189,"Retired",0,0,"Taj Mahal"
10193,"Retired",0,0,"Medieval Market Village"
10197,"Retired",0,0,"Fire Brigade"
10210,"Retired",0,0,"Imperial Flagship"
10211,"Retired",0,0,"Grand Emporium"
10212,"Retired",0,0,"Imperial Shuttle™"
10214,"Available",239.99,0,"Tower Bridge"
10216,"Retired",0,0,"Winter Village Bakery"
10217,"Retired",0,0,"Diagon Alley™"
10218,"Out of Stock",149.99,0,"Pet Shop"
10219,"Retired",0,0,"Maersk Train"
10220,"Available",119.99,0,"Volkswagen T1 Camper Van"
10221,"Retired",0,0,"Super Star Destroyer™"
10222,"Retired",0,0,"Winter Village Post Office"
10223,"Retired",0,0,"Kingdoms Joust"
10224,"Retired",0,0,"Town Hall"
10225,"Retired",0,0,"R2-D2™"
10226,"Retired",0,0,"Sopwith Camel"
10227,"Retired",0,0,"B-Wing Starfighter™"
10228,"Retired",0,0,"Haunted House"
10229,"Retired",0,0,"Winter Village Cottage"
10231,"Retired",0,0,"Shuttle Expedition"
10232,"Available",149.99,0,"Palace Cinema"
10233,"Retired",0,0,"Horizon Express"
10234,"Available",319.99,0,"Sydney Opera House™"
10235,"Retired",0,0,"Winter Village Market"
10236,"Jun 05 2016",249.99,0,"Ewok™ Village"
10237,"Retired",0,0,"The Tower of Orthanc™"
10240,"Sold Out",199.99,0,"Red Five X-wing Starfighter™"
10241,"Retired",0,0,"Maersk Line Triple-E"
10242,"Available",99.99,0,"MINI Cooper"
10243,"Available",159.99,0,"Parisian Restaurant"
10244,"Available",149.99,0,"Fairground Mixer"
10245,"Available",69.99,0,"Santa's Workshop"
10246,"Available",159.99,0,"Detective’s Office"
10247,"Available",199.99,0,"Ferris Wheel"
10248,"Available",99.99,0,"Ferrari F40"
10249,"Available",79.99,0,"Winter Toy Shop"
10251,"Available",169.99,0,"Brick Bank"
10500,"Retired",0,0,"Horse Stable"
10501,"Retired",0,0,"Zoo Friends"
10502,"Retired",0,0,"Zoo Bus"
10503,"Retired",0,0,"Circus Show"
10504,"Retired",0,0,"My First Circus"
10505,"Available",59.99,0,"Play House"
10506,"Available",19.99,0,"Train Accessory Set"
10507,"Available",44.99,0,"My First Train Set"
10508,"Available",109.99,0,"Deluxe Train Set"
10509,"Retired",0,0,"Dusty and Chug"
10510,"Retired",0,0,"Ripslinger's Air Race"
10511,"Retired",0,0,"Skipper's Flight School"
10512,"Retired",0,0,"Jake's Treasure Hunt"
10513,"Retired",0,0,"Never Land Hideout"
10514,"Retired",0,0,"Jake's Pirate Ship Bucky"
10515,"Retired",0,0,"Ariel's Undersea Castle"
10516,"Retired",0,0,"Ariel's Magical Boat Ride"
10517,"Retired",0,0,"My First Garden"
10518,"Retired",0,0,"My First Construction Site"
10519,"Retired",0,0,"Garbage Truck"
10520,"Retired",0,0,"Big Front Loader"
10521,"Retired",0,0,"Baby Calf"
10522,"Retired",0,0,"Farm Animals"
10524,"Available",19.99,0,"Farm Tractor"
10525,"Available",59.99,0,"Big Farm"
10526,"Retired",0,0,"Peter Pan's Visit"
10527,"Retired",0,0,"Ambulance"
10528,"Retired",0,0,"School Bus"
10529,"Retired",0,0,"Truck"
10531,"Retired",0,0,"Mickey & Friends"
10532,"Retired",0,0,"My First Police Set"
10538,"Retired",0,0,"Fire and Rescue Team"
10539,"Retired",0,0,"Beach Racing"
10542,"Retired",0,0,"Sleeping Beauty’s Fairy Tale"
10543,"Retired",0,0,"Superman™ Rescue"
10544,"Available",29.99,0,"The Joker Challenge"
10545,"Retired",0,0,"Batcave Adventure"
10546,"Retired",0,0,"My First Shop"
10550,"Retired",0,0,"Circus Transport"
10552,"Sold Out",19.99,9.98,"Creative Cars"
10553,"Retired",0,0,"Toddler Build and Play Cubes"
10554,"Retired",0,0,"Toddler Build and Pull Along"
10555,"Retired",0,0,"LEGO® DUPLO® Creative Bucket"
10556,"Retired",0,0,"LEGO® DUPLO® Creative Chest"
10557,"Retired",0,0,"LEGO® DUPLO® Giant Tower"
10558,"Available",19.99,0,"Number Train"
10559,"Retired",0,0,"A Fairy Tale"
10560,"Retired",0,0,"Peekaboo Jungle"
10561,"Retired",0,0,"Toddler Starter Building Set"
10565,"Available",59.99,0,"LEGO® DUPLO® Creative Suitcase"
10566,"Retired",0,0,"Creative Picnic"
10567,"Retired",0,0,"Toddler Build and Boat Fun"
10569,"Retired",0,0,"Treasure Attack"
10570,"Available",14.99,0,"LEGO® DUPLO® All-in-One-Gift-Set"
10571,"Available",29.99,0,"LEGO® DUPLO® All-in-One-Pink-Box-of-Fun"
10572,"Available",29.99,0,"LEGO® DUPLO® All-in-One-Box-of-Fun"
10573,"Available",14.99,0,"Creative Animals"
10574,"Retired",0,0,"Creative Ice Cream"
10575,"Retired",0,0,"LEGO® DUPLO® Creative Building Cube"
10576,"Retired",0,0,"Zoo Care"
10577,"Retired",0,0,"Big Royal Castle"
10579,"Retired",0,0,"Clubhouse Café"
10580,"Available",49.99,0,"LEGO® DUPLO® Deluxe Box of fun"
10581,"Available",9.99,0,"Forest: Ducks"
10582,"Available",19.99,0,"Forest: Animals"
10583,"Sold Out",24.99,12.48,"Forest: Fishing Trip"
10584,"Available",59.99,0,"Forest: Park"
10585,"Retired",0,0,"Mom and Baby"
10586,"Available",14.99,0,"Ice Cream Truck"
10587,"Available",19.99,0,"Café"
10589,"Available",14.99,0,"Rally Car"
10590,"Available",19.99,0,"Airport"
10591,"Available",14.99,0,"Fire Boat"
10592,"Available",24.99,0,"Fire Truck"
10593,"Available",49.99,0,"Fire Station"
10594,"Available",24.99,0,"Sofia the First™ Royal Stable"
10595,"Available",49.99,0,"Sofia the First™ Royal Castle"
10596,"Available",39.99,0,"Disney Princess™ Collection"
10597,"Available",24.99,0,"Mickey & Minnie Birthday Parade"
10599,"Available",39.99,0,"Batman Adventure"
10600,"Available",24.99,0,"Disney • Pixar Cars™ Classic Race"
10601,"Available",19.99,0,"LEGO® DUPLO® Truck"
10602,"Retired",0,0,"Camping Adventure"
10603,"Available",14.99,0,"My First Bus"
10604,"Retired",0,0,"Jake and the Never Land Pirates™ Treasure Island"
10605,"Available",19.99,0,"Doc McStuffins™ Rosie the Ambulance"
10606,"Available",29.99,0,"Doc McStuffins™ Backyard Clinic"
10607,"Available",14.99,0,"Spider-Man Web-Bike Workshop"
10608,"Available",29.99,0,"Spider-Man Spider Truck Adventure"
10615,"Available",14.99,0,"My First Tractor"
10616,"Available",19.99,0,"My First Playhouse"
10617,"Available",19.99,0,"My First Farm"
10655,"Retired",0,0,"LEGO® Monster Trucks"
10656,"Retired",0,0,"My First LEGO® Princess"
10657,"Retired",0,0,"My First LEGO® Set"
10659,"Retired",0,0,"Vehicle Suitcase"
10660,"Retired",0,0,"House Suitcase"
10661,"Retired",0,0,"My First LEGO® Fire Station"
10662,"Retired",0,0,"LEGO® Creative Bucket"
10665,"Retired",0,0,"Spider-Man™: Spider-Car Pursuit"
10666,"Retired",0,0,"Digger"
10667,"Available",14.99,0,"LEGO® Juniors Construction"
10668,"Retired",0,0,"The Princess Play Castle"
10669,"Retired",0,0,"Turtle Lair"
10671,"Retired",0,0,"Fire Emergency"
10672,"Retired",0,0,"Batman™: Defend the Batcave"
10673,"Available",29.99,0,"Race Car Rally"
10674,"Available",29.99,0,"Pony Farm"
10675,"Retired",0,0,"Police – The Big Escape"
10676,"Retired",0,0,"Knights' Castle"
10677,"Retired",0,0,"Beach Trip"
10679,"Retired",0,0,"Pirate Treasure Hunt"
10680,"Available",19.99,0,"Garbage Truck"
10682,"Retired",0,0,"LEGO® Creative Suitcase"
10683,"Available",19.99,0,"Road Work Truck"
10684,"Available",19.99,0,"Supermarket Suitcase"
10685,"Available",19.99,0,"Fire Suitcase"
10686,"Available",29.99,0,"Family House"
10687,"Available",29.99,0,"Spider-Man™ Hideout"
10692,"Available",16.99,0,"LEGO® Creative Bricks"
10693,"Available",19.99,0,"LEGO® Creative Supplement"
10694,"Available",19.99,0,"LEGO® Creative Supplement Bright"
10696,"Available",34.99,0,"LEGO® Medium Creative Brick Box"
10698,"Available",59.99,0,"LEGO® Large Creative Brick Box"
10699,"Available",7.99,0,"Sand Baseplate"
10700,"Available",7.99,0,"Green Baseplate"
10701,"Available",14.99,0,"Gray Baseplate"
10702,"Available",29.99,0,"LEGO® Creative Building Set"
10720,"Available",9.99,0,"Police Helicopter Chase"
10721,"Available",12.99,0,"Iron Man vs. Loki"
10722,"Available",14.99,0,"Snake Showdown"
10723,"Available",14.99,0,"Ariel’s Dolphin Carriage"
10725,"Available",29.99,0,"Lost Temple"
10729,"Available",24.99,0,"Cinderella's Carriage"
10801,"Available",9.99,0,"Baby Animals"
10802,"Available",19.99,0,"Savanna"
10803,"Available",29.99,0,"Arctic"
10804,"Available",49.99,0,"Jungle"
10805,"Available",99.99,0,"Around the World"
10806,"Available",14.99,0,"Horses"
10807,"Available",19.99,0,"Horse Trailer"
10808,"Available",9.99,0,"Little Plane"
10809,"Available",14.99,0,"Police Patrol"
10814,"Available",19.99,0,"Tow Truck"
10815,"Available",9.99,0,"My First Rocket"
10816,"Available",19.99,0,"My First Cars and Trucks"
10817,"Available",29.99,0,"LEGO® DUPLO® Creative Chest"
10818,"Available",19.99,0,"My First Truck"
10819,"Available",19.99,0,"My First Garden"
10824,"Available",19.99,0,"Miles' Space Adventures"
10826,"Available",34.99,0,"Miles' Stellosphere Hangar"
10829,"Available",19.99,0,"Mickey's Workshop"
10830,"Available",19.99,0,"Minnie's Café"
10831,"Available",9.99,0,"My First Caterpillar"
10937,"Retired",0,0,"Batman™: Arkham Asylum Breakout"
20200,"Retired",0,0,"LEGO® Master Builder Academy Space Designer"
20214,"Retired",0,0,"LEGO® Master Builder Academy Adventure Designer"
20215,"Retired",0,0,"LEGO® Master Builder Academy Invention Designer"
20216,"Retired",0,0,"LEGO® Master Builder Academy Robot & Micro Designer"
20217,"Retired",0,0,"LEGO® Master Builder Academy Action Designer"
21000,"Retired",0,0,"Willis Tower"
21002,"Retired",0,0,"Empire State Building"
21003,"Retired",0,0,"Seattle Space Needle"
21004,"Retired",0,0,"Solomon R. Guggenheim Museum®"
21005,"Retired",0,0,"Fallingwater®"
21006,"Available",49.99,0,"White House"
21007,"Retired",0,0,"Rockefeller Center"
21008,"Retired",0,0,"Burj Khalifa"
21009,"Retired",0,0,"Farnsworth House™"
21010,"Retired",0,0,"Robie™ House"
21011,"Retired",0,0,"Brandenburg Gate"
21012,"Retired",0,0,"Sydney Opera House™"
21013,"Available",29.99,0,"Big Ben"
21014,"Retired",0,0,"Villa Savoye"
21015,"Retired",0,0,"The Leaning Tower of Pisa"
21016,"Retired",0,0,"Sungnyemun"
21017,"Retired",0,0,"Imperial Hotel"
21018,"Retired",0,0,"United Nations Headquarters"
21019,"Available",34.99,0,"The Eiffel Tower"
21020,"Available",49.99,0,"Trevi Fountain"
21022,"Available",29.99,0,"Lincoln Memorial"
21023,"Available",39.99,0,"Flatiron Building"
21024,"Available",59.99,0,"Louvre"
21026,"Available",29.99,0,"Venice"
21027,"Available",29.99,0,"Berlin"
21028,"Available",59.99,0,"New York City"
21031,"Available",39.99,0,"Burj Khalifa"
21050,"Available",159.99,0,"Studio"
21101,"Retired",0,0,"Hayabusa"
21102,"Retired",0,0,"Minecraft"
21103,"Retired",0,0,"The DeLorean time machine"
21104,"Retired",0,0,"NASA Mars Science Laboratory Curiosity Rover"
21105,"Retired",0,0,"Micro World – The Village"
21106,"Retired",0,0,"Micro World – The Nether"
21107,"Retired",0,0,"Micro World – The End"
21108,"Available",49.99,0,"Ghostbusters™ Ecto-1"
21109,"Retired",0,0,"Exo Suit"
21110,"Retired",0,0,"Research Institute"
21113,"Available",19.99,0,"The Cave"
21114,"Available",29.99,0,"The Farm"
21115,"Available",39.99,0,"The First Night"
21116,"Available",49.99,0,"Crafting Box"
21117,"Available",69.99,0,"The Ender Dragon"
21118,"Retired",0,0,"The Mine"
21119,"Available",19.99,0,"The Dungeon"
21120,"Available",39.99,0,"The Snow Hideout"
21121,"Available",59.99,0,"The Desert Outpost"
21122,"Available",79.99,0,"The Nether Fortress"
21123,"Available",19.99,0,"The Iron Golem"
21124,"Available",59.99,0,"The End Portal"
21125,"Available",69.99,0,"The Jungle Tree House"
21126,"Available",39.99,0,"The Wither"
21128,"Coming Soon",199.99,0,"The Village"
21204,"Retired",0,0,"LEGO® Fusion Town Master"
21205,"Sold Out",34.99,0,"LEGO® Fusion Battle Towers"
21206,"Retired",0,0,"LEGO® Fusion Create & Race"
21208,"Sold Out",34.99,0,"LEGO® Fusion Resort Designer"
21301,"Retired",0,0,"Birds"
21302,"Available",59.99,0,"The Big Bang Theory"
21303,"Out of Stock",59.99,0,"WALL•E"
21304,"Available",59.99,0,"Doctor Who"
21305,"Available",69.99,0,"Maze"
31000,"Retired",0,0,"Mini Speeder"
31001,"Retired",0,0,"Mini Skyflyer"
31002,"Retired",0,0,"Super Racer"
31003,"Retired",0,0,"Red Rotors"
31004,"Retired",0,0,"Fierce Flyer"
31005,"Retired",0,0,"Construction Hauler"
31006,"Retired",0,0,"Highway Speedster"
31007,"Retired",0,0,"Power Mech"
31008,"Retired",0,0,"Thunder Wings"
31009,"Retired",0,0,"Small Cottage"
31010,"Retired",0,0,"Treehouse"
31011,"Retired",0,0,"Aviation Adventures"
31012,"Retired",0,0,"Family House"
31013,"Retired",0,0,"Red Thunder"
31014,"Retired",0,0,"Power Digger"
31015,"Retired",0,0,"Emerald Express"
31017,"Retired",0,0,"Sunset Speeder"
31018,"Retired",0,0,"Highway Cruiser"
31019,"Retired",0,0,"Forest Animals"
31020,"Retired",0,0,"Twinblade Adventures"
31021,"Retired",0,0,"Furry Creatures"
31022,"Retired",0,0,"Turbo Quad"
31023,"Retired",0,0,"Yellow Racers"
31024,"Retired",0,0,"Roaring Power"
31025,"Retired",0,0,"Mountain Hut"
31026,"Retired",0,0,"Bike Shop & Café"
31027,"Available",4.99,0,"Blue Racer"
31028,"Available",4.99,0,"Sea Plane"
31029,"Available",9.99,0,"Cargo Heli"
31030,"Retired",0,0,"Red Go-Kart"
31031,"Available",14.99,0,"Rainforest Animals"
31032,"Available",14.99,0,"Red Creatures"
31033,"Available",24.99,0,"Vehicle Transporter"
31034,"Available",24.99,0,"Future Flyers"
31035,"Available",29.99,0,"Beach Hut"
31036,"Available",39.99,0,"Toy & Grocery Shop"
31037,"Available",24.99,0,"Adventure Vehicles"
31038,"Available",49.99,0,"Changing Seasons"
31039,"Available",69.99,0,"Blue Power Jet"
31040,"Available",4.99,0,"Desert Racers"
31041,"Available",4.99,0,"Construction Vehicles"
31042,"Available",9.99,0,"Super Soarer"
31043,"Available",9.99,0,"Chopper Transporter"
31044,"Available",14.99,0,"Park Animals"
31045,"Available",14.99,0,"Ocean Explorer"
31046,"Available",19.99,0,"Fast Car"
31047,"Available",19.99,0,"Propeller Plane"
31048,"Available",29.99,0,"Lakeside Lodge"
31050,"Available",39.99,0,"Corner Deli"
31313,"Available",349.99,0,"LEGO® MINDSTORMS® EV3"
40010,"Retired",0,0,"Santa with Sleigh Building Set"
40053,"Retired",0,0,"Easter Bunny with Basket"
40054,"Retired",0,0,"Summer Scene"
40055,"Retired",0,0,"Halloween Pumpkin"
40056,"Retired",0,0,"Thanksgiving Feast"
40057,"Retired",0,0,"Fall Scene"
40058,"Retired",0,0,"Decorating the Tree"
40059,"Retired",0,0,"Santa’s Sleigh"
40085,"Retired",0,0,"LEGO® Valentine"
40086,"Retired",0,0,"LEGO® Easter"
40090,"Retired",0,0,"Halloween Bat"
40091,"Retired",0,0,"Thanksgiving Turkey"
40092,"Retired",0,0,"Reindeer"
40093,"Retired",0,0,"Snowman"
40114,"Available",14.99,0,"LEGO® Friends Buildable Jewelry Box"
40120,"Retired",0,0,"LEGO® Seasonal Valentine’s Day Dinner"
40121,"Retired",0,0,"Painting Easter Eggs"
40124,"Retired",0,0,"Winter Fun"
40153,"Available",9.99,0,"Birthday Table Decoration"
40154,"Available",14.99,0,"Pencil Pot"
40155,"Available",14.99,0,"Piggy Coin Bank"
40156,"Available",16.99,0,"Butterfly Organizer"
40158,"Available",59.99,49.79,"LEGO® Pirates Chess Set"
40165,"Available",9.99,0,"LEGO® Wedding Favor Set"
40202,"Out of Stock",9.99,0,"LEGO® Easter Chick"
41000,"Retired",0,0,"Water Scooter Fun"
41001,"Retired",0,0,"Mia's Magic Tricks"
41002,"Retired",0,0,"Emma's Karate Class"
41003,"Retired",0,0,"Olivia's Newborn Foal"
41004,"Retired",0,0,"Rehearsal Stage"
41005,"Retired",0,0,"Heartlake High"
41006,"Retired",0,0,"Downtown Bakery"
41007,"Retired",0,0,"Heartlake Pet Salon"
41008,"Retired",0,0,"Heartlake City Pool"
41009,"Retired",0,0,"Andrea’s Bedroom"
41010,"Retired",0,0,"Olivia’s Beach Buggy"
41011,"Retired",0,0,"Stephanie's Soccer Practice"
41013,"Retired",0,0,"Emma’s Sports Car"
41015,"Retired",0,0,"Dolphin Cruiser"
41016,"Retired",0,0,"LEGO® Friends Advent Calendar"
41017,"Retired",0,0,"Squirrel's Tree House"
41018,"Retired",0,0,"Cat's Playground"
41019,"Retired",0,0,"Turtle's Little Oasis"
41020,"Retired",0,0,"Hedgehog's Hideaway"
41021,"Retired",0,0,"Poodle's Little Palace"
41022,"Retired",0,0,"Bunny's Hutch"
41023,"Retired",0,0,"Fawn’s Forest"
41024,"Retired",0,0,"Parrot’s Perch"
41025,"Retired",0,0,"Puppy’s Playhouse"
41026,"Retired",0,0,"Sunshine Harvest"
41027,"Retired",0,0,"Mia's Lemonade Stand"
41028,"Retired",0,0,"Emma's Lifeguard Post"
41029,"Retired",0,0,"Stephanie's New Born Lamb"
41030,"Retired",0,0,"Olivia’s Ice Cream Bike"
41031,"Retired",0,0,"Andrea’s Mountain Hut"
41032,"Retired",0,0,"First Aid Jungle Bike"
41033,"Retired",0,0,"Jungle Falls Rescue"
41034,"Retired",0,0,"Summer Caravan"
41035,"Retired",0,0,"Heartlake Juice Bar"
41036,"Retired",0,0,"Jungle Bridge Rescue"
41037,"Retired",0,0,"Stephanie's Beach House"
41038,"Retired",0,0,"Jungle Rescue Base"
41039,"Retired",0,0,"Sunshine Ranch"
41040,"Retired",0,0,"LEGO® Friends Advent Calendar"
41041,"Retired",0,0,"Turtle's Little Paradise"
41042,"Retired",0,0,"Tiger's Beautiful Temple"
41043,"Retired",0,0,"Penguin's Playground"
41044,"Retired",0,0,"Macaw's Fountain"
41045,"Retired",0,0,"Orangutan's Banana Tree"
41046,"Retired",0,0,"Brown Bear's River"
41050,"Retired",0,0,"Ariel's Amazing Treasures"
41051,"Retired",0,0,"Merida's Highland Games"
41052,"Retired",0,0,"Ariel's Magical Kiss"
41053,"Retired",0,0,"Cinderella's Dream Carriage"
41054,"Retired",0,0,"Rapunzel's Creativity Tower"
41055,"Available",69.99,0,"Cinderella's Romantic Castle"
41056,"Retired",0,0,"Heartlake News Van"
41057,"Retired",0,0,"Heartlake Horse Show"
41058,"Retired",0,0,"Heartlake Shopping Mall"
41059,"Retired",0,0,"Jungle Tree Sanctuary"
41060,"Retired",0,0,"Sleeping Beauty’s Royal Bedroom"
41061,"Available",19.99,0,"Jasmine's Exotic Palace"
41062,"Available",39.99,0,"Elsa’s Sparkling Ice Castle"
41063,"Available",54.99,0,"Ariel’s Undersea Palace"
41066,"Available",29.99,0,"Anna & Kristoff’s Sleigh Adventure"
41068,"Available",59.99,0,"Arendelle Castle Celebration"
41069,"Available",5.99,0,"Treasure’s Day at the Pool"
41071,"Retired",0,0,"Aira's Creative Workshop"
41072,"Retired",0,0,"Naida’s Spa Secret"
41073,"Available",29.99,0,"Naida's Epic Adventure Ship"
41074,"Retired",0,0,"Azari and the Magical Bakery"
41075,"Available",49.99,0,"The Elves’ Treetop Hideaway"
41076,"Retired",0,0,"Farran and the Crystal Hollow"
41077,"Available",29.99,0,"Aira’s Pegasus Sleigh"
41078,"Available",79.99,0,"Skyra’s Mysterious Sky Castle"
41085,"Retired",0,0,"Vet Clinic"
41086,"Retired",0,0,"Vet Ambulance"
41087,"Retired",0,0,"Bunny & Babies"
41088,"Retired",0,0,"Puppy Training"
41089,"Retired",0,0,"Little Foal"
41090,"Retired",0,0,"Olivia’s Garden Pool"
41091,"Retired",0,0,"Mia’s Roadster"
41092,"Retired",0,0,"Stephanie’s Pizzeria"
41093,"Available",29.99,0,"Heartlake Hair Salon"
41094,"Available",39.99,0,"Heartlake Lighthouse"
41095,"Available",69.99,0,"Emma’s House"
41097,"Available",19.99,0,"Heartlake Hot Air Balloon"
41098,"Retired",0,0,"Emma’s Tourist Kiosk"
41099,"Available",19.99,0,"Heartlake Skate Park"
41100,"Available",29.99,0,"Heartlake Private Jet"
41101,"Available",129.99,0,"Heartlake Grand Hotel"
41103,"Available",14.99,0,"Pop Star Recording Studio"
41104,"Available",29.99,0,"Pop Star Dressing Room"
41105,"Available",39.99,0,"Pop Star Show Stage"
41106,"Available",59.99,0,"Pop Star Tour Bus"
41107,"Available",24.99,0,"Pop Star Limo"
41108,"Available",39.99,0,"Heartlake Food Market"
41109,"Available",89.99,0,"Heartlake Airport"
41110,"Available",19.99,0,"Birthday Party"
41111,"Available",9.99,0,"Party Train"
41112,"Available",4.99,0,"Party Cakes"
41113,"Available",4.99,0,"Party Gift Shop"
41114,"Available",4.99,0,"Party Styling"
41115,"Available",9.99,0,"Emma's Creative Workshop"
41116,"Available",14.99,0,"Olivia's Exploration Car"
41117,"Available",19.99,0,"Pop Star TV Studio"
41118,"Available",29.99,0,"Heartlake Supermarket"
41119,"Available",39.99,0,"Heartlake Cupcake Café"
41120,"Available",9.99,0,"Adventure Camp Archery"
41121,"Available",29.99,0,"Adventure Camp Rafting"
41122,"Available",79.99,0,"Adventure Camp Tree House"
41135,"Available",49.99,0,"Livi's Pop Star House"
41140,"Available",9.99,0,"Daisy’s Beauty Salon"
41141,"Available",9.99,0,"Pumpkin’s Royal Carriage"
41142,"Available",19.99,0,"Palace Pets Royal Castle"
41171,"Available",9.99,0,"Emily Jones & the Baby Wind Dragon"
41172,"Available",19.99,0,"The Water Dragon Adventure"
41173,"Available",19.99,0,"Elvendale School of Dragons"
41174,"Available",29.99,0,"The Starlight Inn"
41175,"Available",39.99,0,"Fire Dragon's Lava Cave"
41176,"Available",59.99,0,"The Secret Market Place"
41500,"Retired",0,0,"FLAIN"
41501,"Retired",0,0,"VULK"
41502,"Retired",0,0,"ZORCH"
41503,"Retired",0,0,"KRADER"
41504,"Retired",0,0,"SEISMO"
41505,"Retired",0,0,"SHUFF"
41506,"Retired",0,0,"TESLO"
41507,"Retired",0,0,"ZAPTOR"
41508,"Retired",0,0,"VOLECTRO"
41509,"Retired",0,0,"SLUMBO"
41510,"Retired",0,0,"LUNK"
41511,"Retired",0,0,"FLURR"
41512,"Retired",0,0,"CHOMLY"
41513,"Retired",0,0,"GOBBA"
41514,"Retired",0,0,"JAWG"
41515,"Retired",0,0,"KRAW"
41516,"Retired",0,0,"TENTRO"
41517,"Retired",0,0,"BALK"
41518,"Retired",0,0,"GLOMP"
41519,"Retired",0,0,"GLURT"
41520,"Retired",0,0,"TORTS"
41521,"Retired",0,0,"FOOTI"
41522,"Retired",0,0,"SCORPI"
41523,"Retired",0,0,"HOOGI"
41524,"Retired",0,0,"MESMO"
41525,"Retired",0,0,"MAGNIFO"
41526,"Retired",0,0,"WIZWUZ"
41527,"Retired",0,0,"Rokit"
41528,"Retired",0,0,"Niksput"
41529,"Retired",0,0,"Nurp-Naut"
41530,"Retired",0,0,"Meltus"
41531,"Retired",0,0,"Flamzer"
41532,"Retired",0,0,"Burnard"
41533,"Retired",0,0,"Globert"
41534,"Retired",0,0,"Vampos"
41535,"Retired",0,0,"Boogly"
41536,"Retired",0,0,"Gox"
41537,"Retired",0,0,"Jinky"
41538,"Retired",0,0,"Kamzo"
41539,"Retired",0,0,"Krog"
41540,"Retired",0,0,"Chilbo"
41541,"Retired",0,0,"Snoof"
41542,"Retired",0,0,"Spugg"
41543,"Retired",0,0,"Turg"
41544,"Retired",0,0,"Tungster"
41545,"Sold Out",4.99,2.48,"Kramm"
41546,"Sold Out",4.99,2.48,"Forx"
41547,"Sold Out",4.99,2.48,"Wuzzo"
41548,"Retired",0,0,"Dribbal"
41549,"Retired",0,0,"Gurggle"
41550,"Retired",0,0,"Slusho"
41551,"Retired",0,0,"Snax"
41552,"Retired",0,0,"Berp"
41553,"Retired",0,0,"Vaka-Waka"
41554,"Available",4.99,3.98,"Kuffs"
41555,"Available",4.99,3.98,"Busto"
41556,"Available",4.99,3.98,"Tiketz"
41557,"Available",4.99,3.98,"Camillot"
41558,"Available",4.99,3.98,"Mixadel"
41559,"Available",4.99,3.98,"Paladum"
41560,"Available",4.99,3.98,"Jamzy"
41561,"Sold Out",4.99,3.98,"Tapsy"
41562,"Available",4.99,3.98,"Trumpsy"
41999,"Retired",0,0,"4x4 Crawler Exclusive Edition"
42000,"Retired",0,0,"Racer"
42001,"Retired",0,0,"Mini Off-Roader"
42002,"Retired",0,0,"Hovercraft"
42004,"Retired",0,0,"Mini Backhoe Loader"
42005,"Retired",0,0,"Monster Truck"
42006,"Retired",0,0,"Excavator"
42007,"Retired",0,0,"Moto Cross Bike"
42008,"Retired",0,0,"Service Truck"
42009,"Retired",0,0,"Mobile Crane MK II"
42010,"Retired",0,0,"Off-road Racer"
42011,"Retired",0,0,"Race Car"
42020,"Retired",0,0,"Twin-rotor Helicopter"
42021,"Retired",0,0,"Snowmobile"
42022,"Retired",0,0,"Hot Rod"
42023,"Retired",0,0,"Construction Crew"
42024,"Retired",0,0,"Container Truck"
42025,"Retired",0,0,"Cargo Plane"
42026,"Retired",0,0,"Black Champion Racer"
42027,"Retired",0,0,"Desert Racer"
42028,"Retired",0,0,"Bulldozer"
42029,"Retired",0,0,"Customized Pick up Truck"
42030,"Available",249.99,0,"Remote-Controlled VOLVO L350F Wheel Loader"
42031,"Available",12.99,0,"Cherry Picker"
42032,"Available",19.99,0,"Compact Tracked Loader"
42033,"Available",19.99,0,"Record Breaker"
42034,"Available",19.99,0,"Quad Bike"
42035,"Available",29.99,0,"Mining Truck"
42036,"Available",39.99,0,"Street Motorcycle"
42037,"Available",59.99,0,"Formula Off-Roader"
42038,"Available",84.99,0,"Arctic Truck"
42039,"Available",129.99,0,"24 Hours Race Car"
42040,"Available",49.99,0,"Fire Plane"
42041,"Available",69.99,0,"Race Truck"
42042,"Available",149.99,0,"Crawler Crane"
42043,"Available",229.99,0,"Mercedes-Benz Arocs 3245"
42044,"Available",12.99,0,"Display Team Jet"
42045,"Available",19.99,0,"Hydroplane Racer"
42046,"Available",19.99,0,"Getaway Racer"
42047,"Available",19.99,0,"Police Interceptor"
42048,"Available",29.99,0,"Race Kart"
42049,"Available",49.99,0,"Mine Loader"
42050,"Available",79.99,0,"Drag Racer"
42052,"Available",139.99,0,"Heavy Lift Helicopter"
42056,"Coming Soon",299.99,0,"Porsche 911 GT3 RS"
44000,"Retired",0,0,"FURNO XL"
44001,"Retired",0,0,"PYROX"
44002,"Retired",0,0,"ROCKA"
44003,"Retired",0,0,"SCAROX"
44004,"Retired",0,0,"BULK"
44005,"Retired",0,0,"BRUIZER"
44006,"Retired",0,0,"BREEZ"
44007,"Retired",0,0,"OGRUM"
44008,"Retired",0,0,"SURGE"
44009,"Retired",0,0,"DRAGON BOLT"
44010,"Retired",0,0,"STORMER"
44011,"Retired",0,0,"FROST BEAST"
44012,"Retired",0,0,"EVO"
44013,"Retired",0,0,"AQUAGON"
44014,"Retired",0,0,"JET ROCKA"
44015,"Retired",0,0,"EVO Walker"
44016,"Retired",0,0,"JAW Beast vs. STORMER"
44017,"Retired",0,0,"STORMER Freeze Machine"
44018,"Retired",0,0,"FURNO Jet Machine"
44019,"Retired",0,0,"ROCKA Stealth Machine"
44020,"Retired",0,0,"FLYER Beast vs. BREEZ"
44021,"Retired",0,0,"SPLITTER BEAST VS. FURNO & EVO"
44022,"Retired",0,0,"EVO XL Machine"
44023,"Retired",0,0,"ROCKA Crawler"
44024,"Retired",0,0,"TUNNELER Beast vs. SURGE"
44025,"Retired",0,0,"BULK Drill Machine"
44026,"Retired",0,0,"CRYSTAL Beast vs. BULK"
44027,"Retired",0,0,"BREEZ Flea Machine"
44028,"Retired",0,0,"SURGE & ROCKA Combat Machine"
44029,"Retired",0,0,"QUEEN Beast vs. FURNO, EVO & STORMER"
45500,"Available",189.99,0,"EV3 Intelligent Brick"
45501,"Jun 16 2016",84.99,0,"EV3 Rechargeable DC Battery"
45502,"Available",24.99,0,"EV3 Large Servo Motor"
45503,"Available",19.99,0,"EV3 Medium Servo Motor"
45504,"Available",29.99,0,"EV3 Ultrasonic Sensor"
45505,"Jul 22 2016",29.99,0,"EV3 Gyro Sensor"
45506,"Available",39.99,0,"EV3 Color Sensor"
45507,"Available",19.99,0,"EV3 Touch Sensor"
45508,"Available",29.99,0,"EV3 Infrared Beacon"
45509,"Available",29.99,0,"EV3 Infrared Sensor"
45514,"Available",14.99,0,"EV3 Cable Pack"
45517,"Available",29.99,0,"Transformer 10V DC"
50006,"Retired",0,0,"LEGO® Legends of Chima™"
60000,"Retired",0,0,"Fire Motorcycle"
60001,"Retired",0,0,"Fire Chief Car"
60002,"Retired",0,0,"Fire Truck"
60003,"Retired",0,0,"Fire Emergency"
60004,"Retired",0,0,"Fire Station"
60005,"Retired",0,0,"Fire Boat"
60006,"Retired",0,0,"Police ATV"
60007,"Retired",0,0,"High Speed Chase"
60008,"Retired",0,0,"Museum Break-in"
60009,"Retired",0,0,"Helicopter Arrest"
60010,"Retired",0,0,"Fire Helicopter"
60011,"Retired",0,0,"Surfer Rescue"
60012,"Retired",0,0,"4x4 & Diving Boat"
60013,"Retired",0,0,"Coast Guard Helicopter"
60014,"Retired",0,0,"Coast Guard Patrol"
60015,"Retired",0,0,"Coast Guard Plane"
60016,"Retired",0,0,"Tanker Truck"
60017,"Retired",0,0,"Flatbed Truck"
60018,"Retired",0,0,"Cement Mixer"
60019,"Retired",0,0,"Stunt Plane"
60020,"Retired",0,0,"Cargo Truck"
60021,"Retired",0,0,"Cargo Heliplane"
60022,"Retired",0,0,"Cargo Terminal"
60023,"Retired",0,0,"LEGO® City Starter-Set"
60024,"Retired",0,0,"LEGO® City Advent Calendar"
60025,"Retired",0,0,"Grand Prix Truck"
60026,"Retired",0,0,"Town Square"
60027,"Retired",0,0,"Monster Truck Transporter"
60032,"Retired",0,0,"Arctic Snowmobile"
60033,"Retired",0,0,"Arctic Ice Crawler"
60034,"Retired",0,0,"Arctic Helicrane"
60035,"Retired",0,0,"Arctic Outpost"
60036,"Retired",0,0,"Arctic Base Camp"
60041,"Retired",0,0,"Crook Pursuit"
60042,"Retired",0,0,"High Speed Police Chase"
60043,"Retired",0,0,"Prisoner Transporter"
60044,"Available",44.99,0,"Mobile Police Unit"
60045,"Retired",0,0,"Police Patrol"
60046,"Retired",0,0,"Helicopter Surveillance"
60047,"Available",99.99,0,"Police Station"
60048,"Retired",0,0,"Police Dog Unit"
60049,"Retired",0,0,"Helicopter Transporter"
60050,"Available",64.99,0,"Train Station"
60051,"Available",149.99,0,"High-speed Passenger Train"
60052,"Available",199.99,0,"Cargo Train"
60053,"Retired",0,0,"Race Car"
60054,"Retired",0,0,"Light Repair Truck"
60055,"Retired",0,0,"Monster Truck"
60056,"Retired",0,0,"Tow Truck"
60057,"Retired",0,0,"Camper Van"
60058,"Retired",0,0,"SUV with Watercraft"
60059,"Retired",0,0,"Logging Truck"
60060,"Retired",0,0,"Auto Transporter"
60061,"Retired",0,0,"Airport Fire Truck"
60062,"Retired",0,0,"Arctic Icebreaker"
60063,"Retired",0,0,"LEGO® City Advent Calendar"
60064,"Retired",0,0,"Arctic Supply Plane"
60065,"Retired",0,0,"ATV Patrol"
60066,"Retired",0,0,"Swamp Police Starter Set"
60067,"Available",39.99,0,"Helicopter Pursuit"
60068,"Retired",0,0,"Crooks’ Hideout"
60069,"Available",89.99,0,"Swamp Police Station"
60070,"Sold Out",29.99,14.98,"Water Plane Chase"
60071,"Available",44.99,0,"Hovercraft Arrest"
60072,"Available",9.99,0,"Demolition Starter Set"
60073,"Available",24.99,0,"Service Truck"
60074,"Available",39.99,0,"Bulldozer"
60075,"Retired",0,0,"Excavator and Truck"
60076,"Available",89.99,0,"Demolition Site"
60077,"Available",9.99,0,"Space Starter Set"
60078,"Available",24.99,0,"Utility Shuttle"
60079,"Available",49.99,0,"Training Jet Transporter"
60080,"Available",119.99,0,"Spaceport"
60081,"Available",19.99,0,"Pickup Tow Truck"
60082,"Retired",0,0,"Dune Buggy Trailer"
60083,"Retired",0,0,"Snowplow Truck"
60084,"Available",19.99,0,"Racing Bike Transporter"
60085,"Available",29.99,0,"4x4 with Powerboat"
60086,"Retired",0,0,"LEGO® City Starter Set"
60088,"Retired",0,0,"Fire Starter Set"
60090,"Available",6.99,0,"Deep Sea Scuba Scooter"
60091,"Available",9.99,0,"Deep Sea Starter Set"
60092,"Available",39.99,0,"Deep Sea Submarine"
60093,"Available",49.99,0,"Deep Sea Helicopter"
60095,"Available",119.99,0,"Deep Sea Exploration Vessel"
60096,"Available",99.99,0,"Deep Sea Operation Base"
60097,"Available",189.99,0,"City Square"
60098,"Available",199.99,0,"Heavy-Haul Train"
60105,"Available",6.99,0,"Fire ATV"
60106,"Available",9.99,0,"Fire Starter Set"
60107,"Available",24.99,0,"Fire Ladder Truck"
60108,"Available",39.99,0,"Fire Response Unit"
60109,"Available",79.99,0,"Fire Boat"
60110,"Available",99.99,0,"Fire Station"
60111,"Available",39.99,0,"Fire Utility Truck"
60112,"Available",49.99,0,"Fire Engine"
60113,"Available",9.99,0,"Rally Car"
60114,"Available",9.99,0,"Race Boat"
60115,"Available",19.99,0,"4 x 4 Off Roader"
60116,"Available",19.99,0,"Ambulance Plane"
60117,"Available",19.99,0,"Van & Caravan"
60118,"Available",19.99,0,"Garbage Truck"
60119,"Available",29.99,0,"Ferry"
60126,"Available",6.99,0,"Tire Escape"
60127,"Available",9.99,0,"Prison Island Starter Set"
60128,"Available",24.99,0,"Police Pursuit"
60129,"Available",49.99,0,"Police Patrol Boat"
60130,"Available",89.99,0,"Prison Island"
60131,"Available",29.99,0,"Crooks Island"
60134,"Coming Soon",39.99,0,"Fun in the park - City People Pack"
70000,"Retired",0,0,"Razcal’s Glider"
70001,"Retired",0,0,"Crawley’s Claw Ripper"
70002,"Retired",0,0,"Lennox' Lion Attack"
70003,"Retired",0,0,"Eris’ Eagle Interceptor"
70004,"Retired",0,0,"Wakz' Pack Tracker"
70005,"Retired",0,0,"Laval’s Royal Fighter"
70006,"Retired",0,0,"Cragger’s Command Ship"
70007,"Retired",0,0,"Eglor's Twin Bike"
70008,"Retired",0,0,"Gorzan's Gorilla Striker"
70009,"Retired",0,0,"Worriz' Combat Lair"
70010,"Retired",0,0,"The Lion CHI Temple"
70011,"Retired",0,0,"Eagles’ Castle"
70012,"Retired",0,0,"Razar’s CHI Raider"
70013,"Retired",0,0,"Equila’s Ultra Striker"
70014,"Retired",0,0,"The Croc Swamp Hideout"
70100,"Retired",0,0,"Ring of Fire"
70101,"Retired",0,0,"Target Practice"
70102,"Retired",0,0,"CHI Waterfall"
70103,"Retired",0,0,"Boulder Bowling"
70104,"Retired",0,0,"Jungle Gates"
70105,"Retired",0,0,"Nest Dive"
70106,"Retired",0,0,"Ice Tower"
70107,"Retired",0,0,"Skunk Attack"
70108,"Retired",0,0,"Royal Roost"
70109,"Retired",0,0,"Whirling Vines"
70110,"Retired",0,0,"Tower Target"
70111,"Retired",0,0,"Swamp Jump"
70112,"Retired",0,0,"Croc Chomp"
70113,"Retired",0,0,"CHI Battles"
70114,"Retired",0,0,"Sky Joust"
70115,"Retired",0,0,"Ultimate Speedor Tournament"
70123,"Retired",0,0,"Lion Legend Beast"
70124,"Retired",0,0,"Eagle Legend Beast"
70125,"Retired",0,0,"Gorilla Legend Beast"
70126,"Retired",0,0,"Crocodile Legend Beast"
70127,"Retired",0,0,"Wolf Legend Beast"
70128,"Retired",0,0,"Braptor’s Wing Striker"
70129,"Retired",0,0,"Lavertus’ Twin Blade"
70130,"Retired",0,0,"Sparratus’ Spider Stalker"
70131,"Retired",0,0,"Rogon’s Rock Flinger"
70132,"Retired",0,0,"Scorm’s Scorpion Stinger"
70133,"Retired",0,0,"Spinlyn’s Cavern"
70134,"Retired",0,0,"Lavertus’ Outland Base"
70135,"Retired",0,0,"Cragger’s Fire Striker"
70136,"Retired",0,0,"Banana Bash"
70137,"Retired",0,0,"Bat Strike"
70138,"Retired",0,0,"Web Dash"
70139,"Retired",0,0,"Sky Launch"
70140,"Retired",0,0,"Stinger Duel"
70141,"Retired",0,0,"Vardy’s Ice Vulture Glider"
70142,"Retired",0,0,"Eris’ Fire Eagle Flyer"
70143,"Retired",0,0,"Sir Fangar’s Saber-tooth Walker"
70144,"Retired",0,0,"Laval’s Fire Lion"
70145,"Retired",0,0,"Maula’s Ice Mammoth Stomper"
70146,"Retired",0,0,"Flying Phoenix Fire Temple"
70147,"Retired",0,0,"Sir Fangar’s Ice Fortress"
70149,"Retired",0,0,"Scorching Blades"
70150,"Retired",0,0,"Flaming Claws"
70151,"Retired",0,0,"Frozen Spikes"
70155,"Retired",0,0,"Inferno Pit"
70156,"Retired",0,0,"Fire vs. Ice"
70160,"Retired",0,0,"Riverside Raid"
70161,"Retired",0,0,"Tremor Track Infiltration"
70162,"Retired",0,0,"Infearno Interception"
70163,"Retired",0,0,"Toxikita's Toxic Meltdown"
70164,"Retired",0,0,"Hurricane Heist"
70165,"Retired",0,0,"Ultra Agents Mission HQ"
70166,"Retired",0,0,"Spyclops Infiltration"
70167,"Retired",0,0,"Invizable Gold Getaway"
70168,"Retired",0,0,"Drillex Diamond Job"
70169,"Retired",0,0,"Agent Stealth Patrol"
70170,"Retired",0,0,"UltraCopter vs. AntiMatter"
70171,"Retired",0,0,"Ultrasonic Showdown"
70172,"Retired",0,0,"AntiMatter’s Portal Hideout"
70173,"Retired",0,0,"Ultra Agents Ocean HQ"
70200,"Retired",0,0,"CHI Laval"
70201,"Retired",0,0,"CHI Eris"
70202,"Retired",0,0,"CHI Gorzan"
70203,"Retired",0,0,"CHI Cragger"
70204,"Retired",0,0,"CHI Worriz"
70205,"Retired",0,0,"CHI Razar"
70220,"Retired",0,0,"Strainor’s Saber Cycle"
70221,"Retired",0,0,"Flinx’s Ultimate Phoenix"
70222,"Retired",0,0,"Tormak’s Shadow Blazer"
70223,"Retired",0,0,"Icebite’s Claw Driller"
70224,"Retired",0,0,"Tiger’s Mobile Command"
70225,"Retired",0,0,"Bladvic’s Rumble Bear"
70226,"Retired",0,0,"Mammoth’s Frozen Stronghold"
70227,"Retired",0,0,"King Crominus’ Rescue"
70228,"Retired",0,0,"Vultrix’s Sky Scavenger"
70229,"Retired",0,0,"Lion Tribe Pack"
70230,"Retired",0,0,"Ice Bear Tribe Pack"
70231,"Retired",0,0,"Crocodile Tribe Pack"
70232,"Retired",0,0,"Saber-tooth Tiger Tribe Pack"
70310,"Available",9.99,0,"Knighton Battle Blaster"
70311,"Available",9.99,0,"Chaos Catapult"
70312,"Available",19.99,0,"Lance’s Mecha Horse"
70313,"Available",19.99,0,"Moltor’s Lava Smasher"
70314,"Available",29.99,0,"Beast Master’s Chaos Chariot"
70315,"Available",39.99,0,"Clay’s Rumble Blade"
70316,"Available",59.99,0,"Jestro’s Evil Mobile"
70317,"Available",99.99,0,"The Fortrex"
70324,"Available",24.99,0,"Merlok's Library 2.0"
70325,"Available",24.99,0,"Infernox captures the Queen"
70327,"Available",29.99,0,"The King's Mech"
70330,"Available",9.99,0,"ULTIMATE Clay"
70331,"Available",9.99,0,"ULTIMATE Macy"
70332,"Available",9.99,0,"ULTIMATE Aaron"
70333,"Available",9.99,0,"ULTIMATE Robin"
70334,"Available",9.99,0,"Ultimate Beast Master"
70335,"Available",9.99,0,"ULTIMATE Lavaria"
70400,"Retired",0,0,"Forest Ambush"
70401,"Retired",0,0,"Gold Getaway"
70402,"Retired",0,0,"The Gatehouse Raid"
70403,"Retired",0,0,"Dragon Mountain"
70404,"Retired",0,0,"King's Castle"
70409,"Retired",0,0,"Shipwreck Defense"
70410,"Retired",0,0,"Soldiers Outpost"
70411,"Retired",0,0,"Treasure Island"
70412,"Retired",0,0,"Soldiers Fort"
70413,"Retired",0,0,"The Brick Bounty"
70500,"Retired",0,0,"Kai's Fire Mech"
70501,"Retired",0,0,"Warrior Bike"
70502,"Retired",0,0,"Cole's Earth Driller"
70503,"Retired",0,0,"The Golden Dragon"
70504,"Retired",0,0,"Garmatron"
70505,"Retired",0,0,"Temple of Light"
70599,"Available",9.99,0,"Cole's Dragon"
70600,"Available",19.99,0,"Ninja Bike Chase"
70601,"Available",19.99,0,"Sky Shark"
70602,"Available",29.99,0,"Jay’s Elemental Dragon"
70603,"Available",29.99,0,"Raid Zeppelin"
70604,"Available",49.99,0,"Tiger Widow Island"
70605,"Available",79.99,0,"Misfortune’s Keep"
70700,"Retired",0,0,"Space Swarmer"
70701,"Retired",0,0,"Swarm Interceptor"
70702,"Retired",0,0,"Warp Stinger"
70703,"Retired",0,0,"Star Slicer"
70704,"Retired",0,0,"Vermin Vaporizer"
70705,"Retired",0,0,"Bug Obliterator"
70706,"Retired",0,0,"Crater Creeper"
70707,"Retired",0,0,"CLS-89 Eradicator Mech"
70708,"Retired",0,0,"Hive Crawler"
70709,"Retired",0,0,"Galactic Titan"
70720,"Retired",0,0,"Hover Hunter"
70721,"Retired",0,0,"Kai Fighter"
70722,"Retired",0,0,"OverBorg Attack"
70723,"Retired",0,0,"Thunder Raider"
70724,"Retired",0,0,"NinjaCopter"
70725,"Retired",0,0,"Nindroid MechDragon"
70726,"Retired",0,0,"Destructoid"
70727,"Retired",0,0,"X-1 Ninja Charger"
70728,"Retired",0,0,"Battle for Ninjago City"
70730,"Available",29.99,0,"Chain Cycle Ambush"
70731,"Available",39.99,0,"Jay Walker One"
70732,"Available",99.99,0,"City of Stiix"
70733,"Available",19.99,0,"Blaster Bike"
70734,"Available",39.99,0,"Master Wu Dragon"
70735,"Available",49.99,0,"Ronin R.E.X."
70736,"Available",69.99,0,"Attack of the Morro Dragon"
70737,"Available",59.99,0,"Titan Mech Battle"
70738,"Available",119.99,0,"Final Flight of Destiny's Bounty"
70739,"Available",9.99,0,"Airjitzu Kai Flyer"
70740,"Available",9.99,0,"Airjitzu Jay Flyer"
70741,"Available",9.99,0,"Airjitzu Cole Flyer"
70742,"Available",9.99,0,"Airjitzu Zane Flyer"
70743,"Available",9.99,0,"Airjitzu Morro Flyer"
70744,"Available",9.99,0,"Airjitzu Wrayth Flyer"
70745,"Retired",0,0,"Anacondrai Crusher"
70746,"Available",29.99,0,"Condrai Copter Attack"
70747,"Available",29.99,0,"Boulder Blaster"
70748,"Available",39.99,0,"Titanium Dragon"
70749,"Available",59.99,0,"Enter the Serpent"
70750,"Sold Out",79.99,63.98,"Ninja DB X"
70751,"Available",199.99,0,"Temple of Airjitzu"
70752,"Retired",0,0,"Jungle Trap"
70753,"Retired",0,0,"Lava Falls"
70754,"Retired",0,0,"ElectroMech"
70755,"Available",19.99,0,"Jungle Raider"
70756,"Available",24.99,19.98,"Dojo Showdown"
70778,"Retired",0,0,"Protector of Jungle"
70779,"Retired",0,0,"Protector of Stone"
70780,"Retired",0,0,"Protector of Water"
70781,"Retired",0,0,"Protector of Earth"
70782,"Retired",0,0,"Protector of Ice"
70783,"Retired",0,0,"Protector of Fire"
70784,"Retired",0,0,"Lewa – Master of Jungle"
70785,"Retired",0,0,"Pohatu – Master of Stone"
70786,"Retired",0,0,"Gali – Master of Water"
70787,"Retired",0,0,"Tahu - Master of Fire"
70788,"Retired",0,0,"Kopaka – Master of Ice"
70789,"Retired",0,0,"Onua – Master of Earth"
70790,"Retired",0,0,"Lord of Skull Spiders"
70791,"Available",14.99,0,"Skull Warrior"
70792,"Available",14.99,0,"Skull Slicer"
70793,"Available",14.99,0,"Skull Basher"
70794,"Available",14.99,0,"Skull Scorpio"
70795,"Available",29.99,0,"Mask Maker vs. Skull Grinder"
70800,"Retired",0,0,"Getaway Glider"
70801,"Retired",0,0,"Melting Room"
70802,"Retired",0,0,"Bad Cop's Pursuit"
70803,"Retired",0,0,"Cloud Cuckoo Palace"
70804,"Retired",0,0,"Ice Cream Machine"
70805,"Retired",0,0,"Trash Chomper"
70806,"Retired",0,0,"Castle Cavalry"
70807,"Retired",0,0,"MetalBeard's Duel"
70808,"Retired",0,0,"Super Cycle Chase"
70809,"Retired",0,0,"Lord Business' Evil Lair"
70810,"Retired",0,0,"MetalBeard's Sea Cow"
70811,"Retired",0,0,"The Flying Flusher"
70812,"Retired",0,0,"Creative Ambush"
70813,"Retired",0,0,"Rescue Reinforcements"
70814,"Retired",0,0,"Emmet’s Construct-o-Mech"
70815,"Retired",0,0,"Super Secret Police Dropship"
70816,"Retired",0,0,"Benny's Spaceship, Spaceship, SPACESHIP!"
70817,"Retired",0,0,"Batman™ & Super Angry Kitty Attack"
70818,"Retired",0,0,"Double-Decker Couch"
70819,"Retired",0,0,"Bad Cop Car Chase"
71000,"Retired",0,0,"LEGO® Minifigures Series 9"
71001,"Retired",0,0,"LEGO® Minifigures Series 10"
71002,"Retired",0,0,"LEGO® Minifigures Series 11"
71004,"Retired",0,0,"LEGO® Minifigures - The LEGO Movie Series"
71005,"Retired",0,0,"LEGO® Minifigures - The Simpsons™ Series"
71006,"Available",199.99,0,"The Simpsons™ House"
71007,"Retired",0,0,"LEGO® Minifigures, Series 12"
71008,"Retired",0,0,"LEGO® Minifigures, Series 13"
71009,"Retired",0,0,"LEGO® Minifigures, The Simpsons™ Series 2"
71010,"Retired",0,0,"LEGO® Minifigures, Series 14: Monsters"
71011,"Retired",0,0,"LEGO® Minifigures Series 15"
71012,"Available",3.99,0,"The Disney Series"
71016,"Available",199.99,0,"The Kwik-E-Mart"
71170,"Available",79.99,0,"LEGO® DIMENSIONS™ PLAYSTATION® 3 Starter Pack"
71171,"Available",89.99,0,"LEGO® DIMENSIONS™ PLAYSTATION® 4 Starter Pack"
71172,"Available",89.99,0,"LEGO® DIMENSIONS™ Xbox One Starter Pack"
71173,"Available",79.99,0,"LEGO® DIMENSIONS™ Xbox 360 Starter Pack"
71174,"Available",89.99,0,"LEGO® DIMENSIONS™ Wii U™ Starter Pack"
71201,"Available",29.99,0,"LEGO® DIMENSIONS™ Back to the Future™ Level Pack"
71202,"Available",29.99,0,"LEGO® DIMENSIONS™ The Simpsons™ Level Pack"
71203,"Out of Stock",29.99,0,"LEGO® DIMENSIONS™ Portal® 2 Level Pack"
71204,"Available",29.99,0,"LEGO® DIMENSIONS™ Doctor Who Level Pack"
71205,"Available",24.99,0,"LEGO® DIMENSIONS™ Jurassic World™ Team Pack"
71206,"Available",24.99,0,"LEGO® DIMENSIONS™ Scooby-Doo™ Team Pack"
71207,"Available",24.99,0,"LEGO® DIMENSIONS® NINJAGO™ Team Pack"
71209,"Available",11.99,0,"LEGO® DIMENSIONS™ Wonder Woman Fun Pack"
71210,"Available",11.99,0,"LEGO® DIMENSIONS™ Cyborg™ Fun Pack"
71211,"Available",11.99,0,"LEGO® DIMENSIONS™ Bart Fun Pack"
71212,"Available",11.99,0,"LEGO® DIMENSIONS™ Fun Pack Emmet"
71213,"Available",11.99,0,"LEGO® DIMENSIONS™ Bad Cop Fun Pack"
71214,"Available",11.99,0,"LEGO® DIMENSIONS™ Benny Fun Pack"
71215,"Available",11.99,0,"LEGO® DIMENSIONS™ Jay Fun Pack"
71216,"Available",11.99,0,"LEGO® DIMENSIONS™ Nya Fun Pack"
71217,"Available",11.99,0,"LEGO® DIMENSIONS™ Zane Fun Pack"
71218,"Available",11.99,0,"LEGO® DIMENSIONS™ Gollum Fun Pack"
71219,"Available",11.99,0,"LEGO® DIMENSIONS™ Legolas Fun Pack"
71220,"Available",11.99,0,"LEGO® DIMENSIONS™ Gimli Fun Pack"
71221,"Available",11.99,0,"LEGO® DIMENSIONS™ Wicked Witch™ Fun Pack"
71222,"Available",11.99,0,"LEGO® DIMENSIONS™ Laval Fun Pack"
71223,"Available",11.99,0,"LEGO® DIMENSIONS™ Cragger Fun Pack"
71227,"Available",11.99,0,"LEGO® DIMENSIONS® Krusty Fun Pack"
71228,"Available",29.99,0,"The Ghostbusters™ Level Pack"
71229,"Available",24.99,0,"DC Comics™ Team Pack"
71230,"Available",11.99,0,"Doc Brown Fun Pack"
71231,"Available",11.99,0,"LEGO® DIMENSIONS™ Unikitty Fun Pack"
71232,"Available",11.99,0,"LEGO® DIMENSIONS™ Eris Fun Pack"
71233,"Available",11.99,0,"Stay Puft Fun Pack"
71234,"Available",11.99,0,"Sensei Wu Fun Pack"
71235,"Available",24.99,0,"Midway Arcade™ Level Pack"
71236,"Available",11.99,0,"Superman™ Fun Pack"
71237,"Available",11.99,0,"Aquaman™ Fun Pack"
71238,"Available",11.99,0,"Cyberman™ Fun Pack"
71300,"Available",9.99,0,"Uxar Creature of Jungle"
71301,"Available",9.99,0,"Ketar Creature of Stone"
71302,"Available",9.99,0,"Akida Creature of Water"
71303,"Available",9.99,0,"Ikir Creature of Fire"
71304,"Available",9.99,0,"Terak Creature of Earth"
71305,"Available",14.99,0,"Lewa Uniter of Jungle"
71306,"Available",14.99,0,"Pohatu Uniter of Stone"
71307,"Available",14.99,0,"Gali Uniter of Water"
71308,"Out of Stock",19.99,0,"Tahu Uniter of Fire"
71309,"Available",19.99,0,"Onua Uniter of Earth"
71310,"Available",19.99,0,"Umarak the Hunter"
71311,"Available",24.99,0,"Kopaka and Melum - Unity set"
75000,"Retired",0,0,"Clone Troopers™ vs. Droidekas™"
75001,"Retired",0,0,"Republic Troopers™ vs Sith™ Troopers"
75002,"Retired",0,0,"AT-RT™"
75003,"Retired",0,0,"A-wing Starfighter™"
75004,"Retired",0,0,"Z-95 Headhunter™"
75005,"Retired",0,0,"Rancor™ Pit"
75006,"Retired",0,0,"Jedi Starfighter™ & Kamino™"
75007,"Retired",0,0,"Republic Assault Ship™ & Coruscant™"
75008,"Retired",0,0,"TIE Bomber™ & Asteroid Field"
75012,"Retired",0,0,"BARC Speeder™ with Sidecar"
75013,"Retired",0,0,"Umbaran MHC™ (Mobile Heavy Cannon)"
75014,"Retired",0,0,"Battle of Hoth™"
75015,"Retired",0,0,"Corporate Alliance Tank Droid™"
75016,"Retired",0,0,"Homing Spider Droid™"
75017,"Retired",0,0,"Duel on Geonosis™"
75018,"Retired",0,0,"Jek-14’s ™ Stealth Starfighter"
75019,"Retired",0,0,"AT-TE™"
75020,"Retired",0,0,"Jabba’s Sail Barge™"
75021,"Retired",0,0,"Republic Gunship™"
75022,"Retired",0,0,"Mandalorian Speeder™"
75023,"Retired",0,0,"LEGO® Star Wars™ Advent Calendar"
75024,"Retired",0,0,"HH-87 Starhopper™"
75025,"Retired",0,0,"Jedi™ Defender-class Cruiser"
75028,"Retired",0,0,"Clone Turbo Tank™"
75029,"Retired",0,0,"AAT™"
75030,"Retired",0,0,"Millennium Falcon™"
75031,"Retired",0,0,"TIE Interceptor™"
75032,"Retired",0,0,"X-Wing Fighter™"
75033,"Retired",0,0,"Star Destroyer™"
75034,"Retired",0,0,"Death Star Troopers™"
75035,"Retired",0,0,"Kashyyyk Troopers™"
75036,"Retired",0,0,"Utapau Troopers™"
75037,"Retired",0,0,"Battle on Saleucami™"
75038,"Retired",0,0,"Jedi™ Interceptor"
75039,"Retired",0,0,"V-wing Starfighter™"
75040,"Retired",0,0,"General Grievous' Wheel Bike™"
75041,"Retired",0,0,"Vulture Droid™"
75042,"Retired",0,0,"Droid Gunship™"
75043,"Retired",0,0,"AT-AP™"
75044,"Retired",0,0,"Droid Tri-fighter™"
75045,"Retired",0,0,"Republic AV-7 Anti-Vehicle Cannon"
75046,"Retired",0,0,"Coruscant™ Police Gunship"
75048,"Retired",0,0,"The Phantom"
75049,"Retired",0,0,"Snowspeeder™"
75050,"Retired",0,0,"B-Wing™"
75051,"Retired",0,0,"Jedi™ Scout Fighter"
75052,"Retired",0,0,"Mos Eisley Cantina™"
75053,"Retired",0,0,"The Ghost"
75054,"Retired",0,0,"AT-AT™"
75055,"Retired",0,0,"Imperial Star Destroyer™"
75056,"Retired",0,0,"LEGO® Star Wars™ Advent Calendar"
75058,"Retired",0,0,"MTT™"
75059,"Jun 05 2016",299.99,0,"Sandcrawler™"
75060,"May 19 2016",199.99,0,"Slave I"
75072,"Retired",0,0,"ARC-170 Starfighter™"
75073,"Retired",0,0,"Vulture Droid™"
75074,"Available",9.99,0,"Snowspeeder™"
75075,"Available",9.99,0,"AT-AT™"
75076,"Retired",0,0,"Republic Gunship™"
75077,"Retired",0,0,"Homing Spider Droid™"
75078,"May 21 2016",12.99,0,"Imperial Troop Transport"
75079,"May 21 2016",12.99,0,"Shadow Troopers"
75080,"Retired",0,0,"AAT™"
75081,"Retired",0,0,"T-16 Skyhopper™"
75082,"May 19 2016",39.99,0,"TIE Advanced Prototype™"
75083,"Retired",0,0,"AT-DP™"
75084,"Retired",0,0,"Wookiee™ Gunship"
75085,"Available",19.99,0,"Hailfire Droid™"
75086,"Jun 05 2016",39.99,0,"Battle Droid™ Troop Carrier"
75087,"Available",39.99,0,"Anakin’s Custom Jedi Starfighter™"
75088,"May 19 2016",12.99,0,"Senate Commando Troopers™"
75089,"May 19 2016",12.99,0,"Geonosis Troopers™"
75090,"Retired",0,0,"Ezra’s Speeder Bike™"
75091,"Available",29.99,0,"Flash Speeder™"
75092,"May 19 2016",49.99,0,"Naboo Starfighter™"
75093,"May 21 2016",79.99,0,"Death Star™ Final Duel"
75094,"Available",99.99,0,"Imperial Shuttle Tydirium™"
75095,"May 21 2016",199.99,0,"TIE Fighter™"
75096,"May 21 2016",89.99,0,"Sith Infiltrator™"
75098,"Available",249.99,0,"Assault on Hoth™"
75099,"May 21 2016",19.99,0,"Rey's Speeder™"
75100,"May 19 2016",39.99,0,"First Order Snowspeeder™"
75101,"May 19 2016",69.99,0,"First Order Special Forces TIE fighter™"
75102,"Available",79.99,0,"Poe's X-Wing Fighter™"
75103,"May 19 2016",89.99,0,"First Order Transporter™"
75104,"May 19 2016",119.99,0,"Kylo Ren’s Command Shuttle™"
75105,"Jun 05 2016",149.99,0,"Millennium Falcon™"
75106,"Available",129.99,0,"Imperial Assault Carrier™"
75107,"May 19 2016",19.99,0,"Jango Fett™"
75108,"May 21 2016",19.99,0,"Clone Commander Cody™"
75109,"May 19 2016",24.99,0,"Obi-Wan Kenobi™"
75110,"May 21 2016",19.99,0,"Luke Skywalker™"
75111,"May 19 2016",29.99,0,"Darth Vader™"
75112,"Available",34.99,0,"General Grievous™"
75113,"Available",19.99,0,"Rey"
75114,"May 19 2016",19.99,0,"First Order Stormtrooper™"
75115,"Available",24.99,0,"Poe Dameron™"
75116,"Available",24.99,0,"Finn"
75117,"Available",24.99,0,"Kylo Ren™"
75118,"Available",24.99,0,"Captain Phasma™"
75125,"May 21 2016",9.99,0,"Resistance X-Wing Fighter™"
75126,"May 19 2016",9.99,0,"First Order Snowspeeder™"
75127,"Available",9.99,0,"The Ghost™"
75128,"May 19 2016",9.99,0,"TIE Advanced Prototype™"
75129,"Available",9.99,0,"Wookiee™ Gunship"
75130,"May 21 2016",9.99,0,"AT-DP™"
75131,"Available",12.99,0,"Resistance Trooper Battle Pack"
75132,"Available",12.99,0,"First Order Battle Pack"
75133,"Available",12.99,0,"Rebel Alliance Battle Pack"
75134,"Available",12.99,0,"Galactic Empire™ Battle Pack"
75135,"May 19 2016",24.99,0,"Obi-Wan’s Jedi Interceptor™"
75136,"May 19 2016",24.99,0,"Droid™ Escape Pod"
75137,"Available",24.99,0,"Carbon-Freezing Chamber"
75138,"May 19 2016",24.99,0,"Hoth™ Attack"
75139,"Available",59.99,0,"Battle on Takodana™"
75140,"Available",69.99,0,"Resistance Troop Transporter"
75141,"May 19 2016",19.99,0,"Kanan's Speeder Bike™"
75142,"Available",29.99,0,"Homing Spider Droid™"
75821,"Available",12.99,0,"Piggy Car Escape"
75822,"Available",19.99,0,"Piggy Plane Attack"
75823,"Available",29.99,0,"Bird Island Egg Heist"
75824,"Available",39.99,0,"Pig City Teardown"
75825,"Available",59.99,0,"Piggy Pirate Ship"
75826,"Available",89.99,0,"King Pig's Castle"
75827,"Available",349.99,0,"Firehouse Headquarters"
75870,"Available",14.99,0,"Chevrolet Corvette Z06"
75871,"Available",14.99,0,"Ford Mustang GT"
75872,"Available",14.99,0,"Audi R18 e-tron quattro"
75873,"Available",14.99,0,"Audi R8 LMS ultra"
75874,"Available",29.99,0,"Chevrolet Camaro Drag Race"
75875,"Available",49.99,0,"Ford F-150 Raptor & Ford Model A Hot Rod"
75876,"Available",69.99,0,"Porsche 919 Hybrid and 917K Pit Lane"
75899,"May 19 2016",14.99,0,"LaFerrari"
75900,"Available",14.99,0,"Mummy Museum Mystery"
75901,"Available",19.99,0,"Mystery Plane Adventures"
75902,"Available",29.99,0,"The Mystery Machine"
75903,"Available",49.99,0,"Haunted Lighthouse"
75904,"Available",89.99,0,"Mystery Mansion"
75908,"Available",14.99,0,"458 Italia GT2"
75909,"Available",14.99,0,"McLaren P1™"
75910,"Available",14.99,0,"Porsche 918 Spyder"
75911,"Available",29.99,0,"McLaren Mercedes Pit Stop"
75912,"Available",49.99,0,"Porsche 911 GT Finish Line"
75913,"Available",99.99,0,"F14 T & Scuderia Ferrari Truck"
75915,"Available",19.99,0,"Pteranodon Capture"
75916,"Available",29.99,0,"Dilophosaurus Ambush"
75917,"Available",49.99,0,"Raptor Rampage"
75918,"Available",69.99,0,"T. rex Tracker"
75919,"Available",129.99,0,"Indominus rex™ Breakout"
75920,"Retired",0,0,"Raptor Escape"
76000,"Retired",0,0,"Arctic Batman™ vs. Mr. Freeze™: Aquaman™ on Ice"
76001,"Retired",0,0,"The Bat vs. Bane™: Tumbler Chase"
76002,"Retired",0,0,"Superman™: Metropolis Showdown"
76003,"Retired",0,0,"Superman™: Battle of Smallville"
76004,"Retired",0,0,"Spider-Man™: Spider-Cycle Chase"
76005,"Retired",0,0,"Spider-Man™: Daily Bugle Showdown"
76006,"Retired",0,0,"Iron Man™: Extremis™ Sea Port Battle"
76007,"Retired",0,0,"Iron Man™: Malibu Mansion Attack"
76008,"Retired",0,0,"Iron Man™ vs. The Mandarin™: Ultimate Showdown"
76009,"Retired",0,0,"Superman™: Black Zero Escape"
76010,"Retired",0,0,"Batman™: The Penguin Face off"
76011,"Retired",0,0,"Batman™: Man-Bat Attack"
76012,"Retired",0,0,"Batman™: The Riddler Chase"
76013,"Retired",0,0,"Batman™: The Joker Steam Roller"
76014,"Retired",0,0,"Spider-Trike vs. Electro"
76015,"Retired",0,0,"Doc Ock Truck Heist"
76016,"Retired",0,0,"Spider-Helicopter Rescue"
76017,"Retired",0,0,"Captain America vs. Hydra"
76018,"Retired",0,0,"Hulk Lab Smash"
76019,"Retired",0,0,"Starblaster Showdown"
76020,"Retired",0,0,"Knowhere Escape Mission"
76021,"Retired",0,0,"The Milano Spaceship Rescue"
76022,"Retired",0,0,"X-Men™ vs. The Sentinel™"
76023,"Retired",0,0,"The Tumbler"
76025,"Available",19.99,0,"Green Lantern vs. Sinestro"
76026,"Available",49.99,0,"Gorilla Grodd goes Bananas"
76027,"Retired",0,0,"Black Manta Deep Sea Strike"
76028,"Retired",0,0,"Darkseid Invasion"
76029,"Available",12.99,0,"Iron Man vs. Ultron"
76030,"Available",19.99,0,"Avengers Hydra Showdown"
76031,"Available",29.99,0,"The Hulk Buster Smash"
76032,"Available",79.99,0,"The Avengers Quinjet City Chase"
76034,"Available",29.99,0,"The Batboat Harbor Pursuit"
76035,"Available",119.99,0,"Jokerland"
76036,"Available",12.99,0,"Carnage’s SHIELD Sky Attack"
76037,"Available",39.99,0,"Rhino and Sandman Super Villain Team-up"
76038,"Available",59.99,0,"Attack on Avengers Tower"
76039,"Retired",0,0,"Ant-Man Final Battle"
76040,"Retired",0,0,"Brainiac Attack"
76041,"Retired",0,0,"The Hydra Fortress Smash"
76042,"Available",349.99,0,"The SHIELD Helicarrier"
76044,"Available",12.99,0,"Clash of the Heroes"
76045,"Available",29.99,0,"Kryptonite Interception"
76046,"Available",59.99,0,"Heroes of Justice: Sky High Battle"
76047,"Available",29.99,0,"Black Panther Pursuit"
76048,"Available",29.99,0,"Iron Skull Sub Attack"
76049,"Available",59.99,0,"Avenjet Space Mission"
76050,"Available",19.99,0,"Crossbones’ Hazard Heist"
76051,"Available",79.99,0,"Super Hero Airport Battle"
76052,"Available",269.99,0,"Batman™ Classic TV Series – Batcave"
76053,"Available",19.99,0,"Batman™: Gotham City Cycle Chase"
76061,"Available",9.99,0,"Mighty Micros: Batman™ vs. Catwoman™"
76062,"Available",9.99,0,"Mighty Micros: Robin™ vs. Bane™"
76063,"Available",9.99,0,"Mighty Micros: The Flash™ vs. Captain Cold™"
76064,"Available",9.99,0,"Mighty Micros: Spider-Man vs. Green Goblin"
76065,"Available",9.99,0,"Mighty Micros: Captain America vs. Red Skull"
76066,"Available",9.99,0,"Mighty Micros: Hulk vs. Ultron"
79000,"Retired",0,0,"Riddles for the Ring"
79001,"Retired",0,0,"Escape from Mirkwood™ Spiders"
79002,"Retired",0,0,"Attack of the Wargs"
79003,"Retired",0,0,"An Unexpected Gathering"
79004,"Retired",0,0,"Barrel Escape"
79005,"Retired",0,0,"The Wizard Battle"
79006,"Retired",0,0,"The Council of Elrond"
79007,"Retired",0,0,"Battle at the Black Gate"
79008,"Retired",0,0,"Pirate Ship Ambush"
79010,"Retired",0,0,"The Goblin King Battle"
79011,"Retired",0,0,"Dol Guldur Ambush"
79012,"Retired",0,0,"Mirkwood™ Elf Army"
79013,"Retired",0,0,"Lake-town Chase"
79014,"Retired",0,0,"Dol Guldur Battle"
79016,"Retired",0,0,"Attack on Lake-town"
79017,"Retired",0,0,"The Battle of Five Armies™"
79018,"Retired",0,0,"The Lonely Mountain"
79100,"Retired",0,0,"Kraang Lab Escape"
79101,"Retired",0,0,"Shredder's Dragon Bike"
79102,"Retired",0,0,"Stealth Shell in Pursuit"
79103,"Retired",0,0,"Turtle Lair Attack"
79104,"Retired",0,0,"The Shellraiser Street Chase"
79105,"Retired",0,0,"Baxter Robot Rampage"
79106,"Retired",0,0,"Cavalry Builder Set"
79107,"Retired",0,0,"Comanche Camp"
79108,"Retired",0,0,"Stagecoach Escape"
79109,"Retired",0,0,"Colby City Showdown"
79110,"Retired",0,0,"Silver Mine Shootout"
79111,"Retired",0,0,"Constitution Train Chase"
79115,"Retired",0,0,"Turtle Van Takedown"
79116,"Retired",0,0,"Big Rig Snow Getaway"
79117,"Retired",0,0,"Turtle Lair Invasion"
79118,"Retired",0,0,"Karai Bike Escape"
79119,"Retired",0,0,"Mutation Chamber Unleashed"
79120,"Retired",0,0,"T-Rawket Sky Strike"
79121,"Retired",0,0,"Turtle Sub Undersea Chase"
79122,"Retired",0,0,"Shredder’s Lair Rescue"
88000,"Available",12.99,0,"LEGO® Power Functions AAA Battery Box"
88002,"Available",13.99,0,"LEGO® Power Functions Train Motor"
88003,"Available",13.99,0,"LEGO® Power Functions L-Motor"
88004,"Available",24.99,0,"LEGO® Power Functions Servo Motor"
850154,"Available",5.99,0,"LEGO® Red Brick Key Chain"
850442,"Retired",0,0,"LEGO® NINJAGO™ Lloyd ZX Key Chain"
850446,"Available",5.99,0,"LEGO® Star Wars™ Darth Maul™ Key Chain"
850507,"Available",5.99,0,"LEGO® Marvel Super Heroes Spider-Man Key Chain"
850595,"Available",9.99,0,"LEGO® Friends Notebook"
850602,"Sold Out",4.99,2.48,"LEGO® Legends of Chima™ Cragger Key Chain"
850611,"Retired",0,0,"LEGO® Legends of Chima™ Cragger’s Shield"
850618,"Sold Out",14.99,7.48,"LEGO® City Fire Accessory Set"
850635,"May 20 2016",6.99,0,"LEGO® Star Wars™ Darth Vader™ Magnet"
850639,"Retired",0,0,"LEGO® Star Wars™ Chewbacca™ Magnet"
850681,"Retired",0,0,"LEGO® The Lord of the Rings™ Frodo Baggins™ Magnet"
850682,"Retired",0,0,"LEGO® The Hobbit: An Unexpected Journey™ Bilbo Baggins™ Magnet"
850686,"Available",12.99,9.98,"Notebook with Studs"
850705,"Available",6.99,0,"Salt and Pepper Set"
850775,"Retired",0,0,"LEGO® Legends of Chima™ Speedorz™ Storage Bag"
850807,"Available",5.99,0,"LEGO® Gold Minifigure Key Chain"
850808,"Available",5.99,0,"LEGO® Gold 2x4 Stud Key Chain"
850814,"Available",5.99,0,"LEGO® Marvel Super Heroes The Hulk™ Key Chain"
850840,"Available",3.99,0,"LEGO® Classic Gift Bag"
850841,"May 18 2016",3.99,0,"LEGO® Classic Gift Wrap"
850894,"Available",5.99,0,"THE LEGO® MOVIE™ Emmet Key Chain"
850895,"Available",5.99,0,"THE LEGO® MOVIE™ Wyldstyle Key Chain"
850896,"Available",5.99,0,"THE LEGO® MOVIE™ Bad Cop Key Chain"
850899,"Available",14.99,3.48,"LEGO® Legends of Chima™ Playmat"
850929,"Available",14.99,0,"LEGO® City Playmat"
850953,"Available",5.99,0,"Police Car Bag Charm"
850963,"Available",7.99,0,"LEGO® Friends Tumbler"
850996,"Available",5.99,0,"LEGO® Star Wars™ Darth Vader Key Chain"
850997,"Out of Stock",5.99,0,"LEGO® Star Wars™ Princess Leia™ Key Chain"
850998,"Available",5.99,0,"LEGO® Star Wars™ Boba Fett™ Key Chain"
851003,"Available",5.99,0,"LEGO® DC Comics™ Super Heroes The Joker Key Chain"
851005,"Available",5.99,0,"LEGO® DC Comics™ Super Heroes Batgirl Key Chain"
851325,"Sold Out",14.99,3.48,"LEGO® Friends Jungle Playmat"
851336,"Available",7.99,3.98,"LEGO® NINJAGO™ Ninja Fork Weapon"
851338,"Available",12.99,0,"LEGO® NINJAGO™ Ninja Belt & Throwing Star"
851339,"Available",4.99,2.48,"LEGO® NINJAGO™ Ninja Bandana"
851342,"Sold Out",14.99,0,"LEGO® NINJAGO™ Ninja Army Building Set."
851345,"Available",14.99,7.48,"LEGO® NINJAGO™ Playmat"
851348,"Available",14.99,0,"LEGO® NINJAGO™ Wall Stickers"
851351,"Available",5.99,0,"LEGO® NINJAGO™ Ninja Kai Key Chain"
851352,"Available",5.99,0,"LEGO® NINJAGO™ Titanium Ninja Zane Key Chain"
851353,"Available",4.99,2.48,"LEGO® NINJAGO™ Anacondrai Kapau Key Chain"
851362,"Available",7.99,0,"LEGO® Friends Party Set"
851367,"Available",6.99,0,"LEGO® Friends Party Bags"
851393,"Available",5.99,0,"Mermaid Key Chain"
851394,"Out of Stock",5.99,0,"Gingerbread Man Key Chain"
851399,"Available",16.99,0,"Minifigure Carry Case"
851400,"Available",12.99,0,"Upscaled Mug – Red"
851402,"Available",14.99,0,"Wall Stickers"
851406,"Available",5.99,0,"Metalized 2x4 Key Chain"
851417,"Available",14.99,3.48,"LEGO® Friends Wall Stickers"
851578,"Available",5.99,0,"LEGO® Friends Horse Bag Charm"
852768,"Available",7.99,0,"LEGO Ice Brick Tray Red"
852771,"Available",7.99,0,"Minifigure Ice Cube Tray"
852987,"Out of Stock",5.99,0,"LEGO® Penguin Key Chain"
853213,"Out of Stock",7.99,0,"Drink Tumbler"
853429,"Sold Out",5.99,0,"LEGO® DC Comics™ Super Heroes Batman™ Key Chain"
853430,"Available",5.99,0,"LEGO® Super Heroes Superman™ Key Chain"
853433,"Available",5.99,0,"LEGO® DC Comics™ Super Heroes Wonder Woman Key Chain"
853439,"Available",12.99,0,"LEGO® Friends Upscaled Mug"
853440,"Available",9.99,0,"LEGO® Friends Jewelry Set"
853443,"Available",12.99,0,"LEGO® Friends Name Sign"
853447,"Available",16.99,3.98,"LEGO® NINJAGO™ Ninja Sword & Sheath"
853449,"Available",5.99,0,"LEGO® Star Wars™ Yoda™ Key Chain"
853451,"Available",5.99,0,"LEGO® Star Wars™ Chewbacca™ Key Chain"
853454,"Available",5.99,0,"LEGO® DC Comics™ Super Heroes Flash Key Chain"
853455,"Available",5.99,0,"LEGO® DC Comics™ Super Heroes Supergirl Keychain"
853456,"Out of Stock",4.99,2.48,"LEGO® DC Comics™ Super Heroes Martian Manhunter Keychain"
853461,"Available",4.99,2.48,"LEGO® Elves Bag Charm"
853465,"Available",12.99,0,"Upscaled Mug – Blue"
853469,"Available",5.99,0,"Keychain Wicket 2015"
853470,"Available",5.99,0,"LEGO® Star Wars™ R2-D2™ Key Chain"
853471,"Available",5.99,0,"LEGO® Star Wars™ C-3PO™ Key Chain"
853476,"Available",6.99,0,"LEGO® Star Wars™ Yoda™ Magnet"
853503,"Available",12.99,0,"LEGO® NEXO KNIGHTS™ Macy’s Mace"
853504,"Available",12.99,0,"LEGO® NEXO KNIGHTS™ Clay’s Sword"
853506,"Available",12.99,0,"NEXO KNIGHTS™ Knight’s Shield"
853510,"Available",19.99,0,"LEGO® NEXO KNIGHTS™ Knight's Dress-Up"
853511,"Available",19.99,0,"FK Role Play Dress up -Bad guy"
853515,"Available",14.99,0,"LEGO® NEXO KNIGHTS™ Army-Building Set"
853516,"Available",14.99,0,"LEGO® NEXO KNIGHTS™ Monsters Army-Building Set"
853519,"Available",14.99,0,"NEXO KNIGHTS™ Playmat"
853520,"Available",5.99,0,"LEGO® NEXO KNIGHTS™ Aaron Key Chain"
853521,"Available",5.99,0,"LEGO® NEXO KNIGHTS™ Clay Key Chain"
853522,"Available",5.99,0,"LEGO® NEXO KNIGHTS™ Macy Key Chain"
853524,"Available",5.99,0,"LEGO® NEXO KNIGHTS™ Lance Key Chain"
853525,"Available",5.99,0,"LEGO® NEXO KNIGHTS™ Jestro Key Chain"
853528,"Available",14.99,0,"LEGO® NEXO KNIGHTS™ Monsters Sketch Book"
853529,"Available",19.99,0,"LEGO® NINJAGO™ Customizable Sword"
853530,"Available",14.99,0,"LEGO® NINJAGO™ Skybound Shield"
853532,"Available",19.99,0,"LEGO® NINJAGO™ Armor"
853533,"Available",7.99,0,"LEGO® NINJAGO™ Bandana"
853534,"Available",5.99,0,"Keychain Airjitzu Jay"
853543,"Available",7.99,0,"Ninjago Party Set"
853547,"Available",5.99,0,"Keychain Emma"
853548,"Available",5.99,0,"Keychain Andrea"
853549,"Available",5.99,0,"Keychain Mia"
853550,"Available",5.99,0,"Keychain Stephanie"
853551,"Available",5.99,0,"Keychain Olivia"
853552,"Available",24.99,0,"LEGO Friends Hand-Foot-Fun"
853555,"Available",14.99,0,"Friends Campsite scrap book"
853556,"Available",14.99,0,"LEGO® Friends Mini-doll Campsite Set"
853559,"Available",5.99,0,"LEGO® Elves Emily Jones Key Chain"
853560,"Available",5.99,0,"LEGO® Elves Azari the Fire Elf Key Chain"
853561,"Available",5.99,0,"LEGO® Elves Aira the Wind Elf Key Chain"
853562,"Available",5.99,0,"LEGO® Elves Naida the Water Elf Key Chain"
853563,"Available",5.99,0,"LEGO® Elves Fledge the Baby Dragon Bag Charm"
853564,"Available",14.99,0,"LEGO® Elves Me and My Dragon Display"
853565,"Available",14.99,0,"LEGO® Elves Emily Jones’ Diary Sketch Book"
853568,"Available",5.99,0,"Keychain Prison Guard"
853569,"Available",12.99,0,"LEGO® Notebook with Studs"
853571,"Available",5.99,0,"Keychain Hot Dog Guy"
853572,"Available",5.99,0,"Keychain Bumble Bee"
853573,"Available",5.99,0,"LEGO® Yellow Car Bag Charm"
2000409,"Available",484.99,0,"Window Exploration Bag"
2000414,"Available",36.99,0,"Starter Kit"
2000430,"Available",789.99,0,"Identity and Landscape Kit"
2000431,"Available",754.99,0,"Connections Kit"
2852724,"Retired",0,0,"Accelerometer Sensor"
2852725,"Available",49.99,0,"Infrared Seeker"
2853216,"Retired",0,0,"Infrared Link Sensor"
2855040,"Retired",0,0,"Infrared Receiver"
2856080,"Available",29.99,0,"LEGO® Star Wars™ Stormtrooper Minifigure Clock"
2856081,"Available",29.99,0,"LEGO® Star Wars™ Darth Vader Minifigure Clock"
2856203,"Available",29.99,0,"LEGO® Star Wars™ Yoda Minifigure Clock"
2856236,"Available",24.99,0,"LEGO® Red Brick Clock"
2856238,"Available",24.99,0,"LEGO® Yellow Brick Clock"
5000249,"Available",29.99,0,"LEGO® Star Wars™ Boba Fett™ Minifigure Clock"
5000672,"Available",24.99,0,"The LEGO® Ideas Book"
5001370,"Available",29.99,0,"LEGO® Time-Teacher Minifigure Watch & Clock"
5001371,"Available",29.99,0,"LEGO® Time-Teacher Girl Minifigure Watch & Clock"
5001383,"Available",19.99,0,"LEGO® 4-stud Blue Storage Brick"
5001385,"Available",19.99,0,"LEGO® 4-stud Red Storage Brick"
5002195,"Retired",0,0,"LEGO® Ninjago: Masters of Spinjitzu Season Two"
5002198,"Retired",0,0,"LEGO® Star Wars™: The Empire Strikes Out"
5002209,"Retired",0,0,"LEGO® Legends of Chima™ Lennox Kid’s Minifigure Watch"
5002420,"Retired",0,0,"LEGO® City Undercover: The Chase Begins Nintendo 3DS™ Video Game"
5002423,"Available",29.99,0,"LEGO® DC Comics™ Super Heroes Batman™ Minifigure Clock"
5002424,"Available",29.99,0,"LEGO® DC Comics™ Super Heroes Superman™ Minifigure Clock"
5002664,"Retired",0,0,"LEGO® Legends of Chima™: Laval’s Journey Nintendo 3DS Video Game"
5002665,"Retired",0,0,"LEGO® Legends of Chima™: Laval’s Journey Nintendo DS Video Game"
5002666,"Retired",0,0,"LEGO® Legends of Chima™: Laval’s Journey PS Vita Video Game"
5002670,"Retired",0,0,"The LEGO® Calendar 2014"
5002671,"Retired",0,0,"LEGO® Friends ZipBin® Toy Box: Heartlake Place"
5002672,"Retired",0,0,"LEGO® Friends ZipBin® Wristlet"
5002674,"Retired",0,0,"LEGO® Moleskine 2014 Weekly Pocket Planner"
5002774,"Retired",0,0,"LEGO® Batman™: DC Universe Super Heroes Wii U™ Video Game"
5002780,"Available",24.99,0,"LEGO® Play Book"
5002888,"Available",39.99,0,"The LEGO® Minifigure: Year by Year"
5003023,"Available",24.99,0,"THE LEGO® MOVIE™ Bad Cop Minifigure Link Watch"
5003026,"Out of Stock",29.99,0,"THE LEGO® MOVIE™ Lucy/Wyldstyle Minifigure Alarm Clock"
5003096,"Retired",0,0,"LEGO® City Fire Collection: 60004 and 850618"
5004102,"Out of Stock",12.99,6.48,"THE LEGO® MOVIE™ The Essential Guide"
5004195,"Available",21.99,0,"LEGO® Star Wars™: The Visual Dictionary (Updated and Expanded)"
5004261,"Retired",0,0,"The Hobbit Ultimate Kit"
5004267,"Available",9.99,0,"LEGO® 1-stud Red Storage Brick"
5004268,"Available",9.99,0,"LEGO® 1-stud Blue Storage Brick"
5004279,"Available",14.99,0,"LEGO® 2-stud Red Storage Brick"
5004280,"Available",14.99,0,"LEGO® 2-stud Blue Storage Brick"
5004334,"Available",39.99,0,"LEGO® Architecture: The Visual Guide"
5004572,"Available",14.99,7.48,"Masters of Spinjitzu Rebooted – Fall of the Golden Master (DVD)"
5004600,"Available",29.99,0,"LEGO® DC Comics™ Super Heroes Wonder Woman Minifigure Alarm Clock"
5004601,"Available",24.99,0,"LEGO® DC Comics™ Super Heroes Wonder Woman Watch"
5004602,"Available",24.99,0,"LEGO® DC Comics™ Super Heroes Batman™ Minifigure Link Watch"
5004603,"Available",24.99,0,"LEGO® DC Comics™ Super Heroes Superman™ Minifigure Link Watch"
5004604,"Available",24.99,0,"LEGO® Classic Minifigure Link Watch"
5004605,"Available",24.99,0,"LEGO® Star Wars™ Boba Fett Watch"
5004606,"Available",24.99,0,"LEGO® Star Wars™ Darth Maul™ Watch"
5004607,"Out of Stock",24.99,0,"LEGO® Star Wars™ Darth Vader™ Watch"
5004608,"Available",24.99,0,"LEGO® Star Wars™ Luke Skywalker™ Watch"
5004609,"Available",24.99,0,"LEGO® Star Wars™ Stormtrooper™ Minifigure Watch"
5004610,"Out of Stock",24.99,0,"LEGO® Star Wars™ Yoda™ Watch"
5004611,"Available",24.99,0,"THE LEGO® MOVIE™ Emmet Minifigure Watch"
5004612,"Available",24.99,0,"THE LEGO® MOVIE™ Lucy/Wyldstyle Minifigure Link Watch"
5004849,"Available",19.99,9.98,"Legends of CHIMA™: Legend of the Fire CHI Season 2 Part 2 (DVD)"
5004851,"Out of Stock",14.99,7.48,"LEGO® Friends: Friends Together Again"
5004852,"Available",16.99,0,"LEGO® Friends: The Adventure Guide"
5004853,"Out of Stock",18.99,0,"LEGO® Star Wars™: Character Encyclopedia: Updated and Expanded"
5004854,"Available",18.99,0,"LEGO® Star Wars™ in 100 Scenes"
5004855,"Available",24.99,0,"LEGO® Iconic Awesome Ideas"
5004856,"Available",16.99,0,""
5004890,"Available",19.99,0,"LEGO® Minifigure Display Case 8 – Red"
5004891,"Available",14.99,0,"LEGO® 2-stud Yellow Storage Brick"
5004892,"Available",29.99,0,"LEGO® Minifigure Display Case 16 – Red"
5004893,"Available",19.99,0,"LEGO® 4-stud Yellow Storage Brick"
5004894,"Available",29.99,0,"LEGO® Multi-Pack 3 pcs."
5004895,"Available",49.99,0,"LEGO® Multi-Pack 4 pcs."
5004898,"Available",9.99,0,"LEGO® 1-stud Yellow Storage Brick"
5004900,"Available",24.99,0,"LEGO® Friends Olivia Watch with Mini-Doll"
5004901,"Available",24.99,0,"LEGO® Friends Stephanie Watch with Mini-Doll"
5004906,"Available",39.99,0,"Great LEGO® Sets: A Visual History"
5004907,"Available",18.99,0,"I Love That Minifigure"
5004942,"Available",22.99,0,"LEGO® A LEGO Brickumentary (DVD)"
5005008,"Available",24.99,0,"LEGO® Star Wars™: Small Scenes from a Big Galaxy"
5005051,"Available",19.99,0,"Friends of Heartlake City: Girlz 4 Life"
5005057,"Available",49.99,0,"LEGO® Marvel Avengers XBOX 360 Video Game"
5005058,"Available",49.99,0,"LEGO® Marvel Avengers Wii U Video Game"
5005059,"Available",49.99,0,"LEGO® Marvel Avengers PS3 Video Game"
5005060,"Available",29.99,0,"LEGO® Marvel Avengers Nintendo 3DS™ Video Game"
5005061,"Available",19.99,0,"LEGO SW DROID TALES (DVD)"
5005095,"Available",19.99,0,"LEGO® SUPER HEROS: COSMIC CLASH"
